external_id,hanzi,pinyin,translation_id,translation_en,source_name,source_url,source_version,verified_at
hsk3-4-0001,阿姨,āyí,bibi dari pihak ibu;ibu tiri;pekerja pengasuh anak,maternal aunt;step-mother;childcare worker,CLEC 新版HSK考试大纲,https://hsk.cn-bj.ufileos.com/3.0/%E6%96%B0%E7%89%88HSK%E8%80%83%E8%AF%95%E5%A4%A7%E7%BA%B21219.pdf,2025-11,2026-08-11
hsk3-4-0002,啊,ā,kata seru terkejut;Ah!;Oh!,interjection of surprise;Ah!;Oh!,CLEC 新版HSK考试大纲,https://hsk.cn-bj.ufileos.com/3.0/%E6%96%B0%E7%89%88HSK%E8%80%83%E8%AF%95%E5%A4%A7%E7%BA%B21219.pdf,2025-11,2026-08-11
hsk3-4-0003,矮,ǎi,"(dari seseorang) pendek;(dari dinding dll.) rendah;(dari peringkat) lebih rendah (dari), lebih rendah (dari)","(of a person) short;(of a wall etc) low;(of rank) inferior (to), lower (than)",CLEC 新版HSK考试大纲,https://hsk.cn-bj.ufileos.com/3.0/%E6%96%B0%E7%89%88HSK%E8%80%83%E8%AF%95%E5%A4%A7%E7%BA%B21219.pdf,2025-11,2026-08-11
hsk3-4-0004,矮小,ǎixiǎo,pendek dan kecil;rendah dan kecil;kerdil,short and small;low and small;undersized,CLEC 新版HSK考试大纲,https://hsk.cn-bj.ufileos.com/3.0/%E6%96%B0%E7%89%88HSK%E8%80%83%E8%AF%95%E5%A4%A7%E7%BA%B21219.pdf,2025-11,2026-08-11
hsk3-4-0005,爱国,àiguó,mencintai negara;patriotik,to love one's country;patriotic,CLEC 新版HSK考试大纲,https://hsk.cn-bj.ufileos.com/3.0/%E6%96%B0%E7%89%88HSK%E8%80%83%E8%AF%95%E5%A4%A7%E7%BA%B21219.pdf,2025-11,2026-08-11
hsk3-4-0006,爱护,àihù,menyayangi;menghargai;merawat,to cherish;to treasure;to take care of,CLEC 新版HSK考试大纲,https://hsk.cn-bj.ufileos.com/3.0/%E6%96%B0%E7%89%88HSK%E8%80%83%E8%AF%95%E5%A4%A7%E7%BA%B21219.pdf,2025-11,2026-08-11
hsk3-4-0007,安,ān,"(bentuk terikat) tenang, damai;menenangkan;aman, dalam kesehatan yang baik","(bound form) calm, peaceful;to calm, to set at ease;safe, secure, in good health",CLEC 新版HSK考试大纲,https://hsk.cn-bj.ufileos.com/3.0/%E6%96%B0%E7%89%88HSK%E8%80%83%E8%AF%95%E5%A4%A7%E7%BA%B21219.pdf,2025-11,2026-08-11
hsk3-4-0008,安置,ānzhì,mencari tempat untuk;membantu menetap;mengatur,to find a place for;to help settle down;to arrange for,CLEC 新版HSK考试大纲,https://hsk.cn-bj.ufileos.com/3.0/%E6%96%B0%E7%89%88HSK%E8%80%83%E8%AF%95%E5%A4%A7%E7%BA%B21219.pdf,2025-11,2026-08-11
hsk3-4-0009,按时,ànshí,tepat waktu;sebelum batas waktu;sesuai jadwal,on time;before deadline;on schedule,CLEC 新版HSK考试大纲,https://hsk.cn-bj.ufileos.com/3.0/%E6%96%B0%E7%89%88HSK%E8%80%83%E8%AF%95%E5%A4%A7%E7%BA%B21219.pdf,2025-11,2026-08-11
hsk3-4-0010,暗,àn,"gelap;menjadi gelap;rahasia, tersembunyi","dark;to turn dark;secret, hidden",CLEC 新版HSK考试大纲,https://hsk.cn-bj.ufileos.com/3.0/%E6%96%B0%E7%89%88HSK%E8%80%83%E8%AF%95%E5%A4%A7%E7%BA%B21219.pdf,2025-11,2026-08-11
hsk3-4-0011,暗示,ànshì,"mengisyaratkan, menyarankan;isyarat, saran","to hint, to suggest;hint, suggestion",CLEC 新版HSK考试大纲,https://hsk.cn-bj.ufileos.com/3.0/%E6%96%B0%E7%89%88HSK%E8%80%83%E8%AF%95%E5%A4%A7%E7%BA%B21219.pdf,2025-11,2026-08-11
hsk3-4-0012,巴士,bāshì,bus (kata pinjaman);bus motor,bus (loanword);motor coach,CLEC 新版HSK考试大纲,https://hsk.cn-bj.ufileos.com/3.0/%E6%96%B0%E7%89%88HSK%E8%80%83%E8%AF%95%E5%A4%A7%E7%BA%B21219.pdf,2025-11,2026-08-11
hsk3-4-0013,百货,bǎihuò,barang umum,general merchandise,CLEC 新版HSK考试大纲,https://hsk.cn-bj.ufileos.com/3.0/%E6%96%B0%E7%89%88HSK%E8%80%83%E8%AF%95%E5%A4%A7%E7%BA%B21219.pdf,2025-11,2026-08-11
hsk3-4-0014,摆,bǎi,mengatur;memamerkan;bergerak bolak-balik,to arrange;to exhibit;to move to and fro,CLEC 新版HSK考试大纲,https://hsk.cn-bj.ufileos.com/3.0/%E6%96%B0%E7%89%88HSK%E8%80%83%E8%AF%95%E5%A4%A7%E7%BA%B21219.pdf,2025-11,2026-08-11
hsk3-4-0015,摆动,bǎidòng,bergoyang;berayun;bergerak bolak-balik,to sway;to swing;to move back and forth,CLEC 新版HSK考试大纲,https://hsk.cn-bj.ufileos.com/3.0/%E6%96%B0%E7%89%88HSK%E8%80%83%E8%AF%95%E5%A4%A7%E7%BA%B21219.pdf,2025-11,2026-08-11
hsk3-4-0016,摆脱,bǎituō,melepaskan diri dari;menyingkirkan (ide lama dll.);menyingkirkan,to break away from;to cast off (old ideas etc);to get rid of,CLEC 新版HSK考试大纲,https://hsk.cn-bj.ufileos.com/3.0/%E6%96%B0%E7%89%88HSK%E8%80%83%E8%AF%95%E5%A4%A7%E7%BA%B21219.pdf,2025-11,2026-08-11
hsk3-4-0017,败,bài,mengalahkan;merusak;kalah (dari lawan),to defeat;to damage;to lose (to an opponent),CLEC 新版HSK考试大纲,https://hsk.cn-bj.ufileos.com/3.0/%E6%96%B0%E7%89%88HSK%E8%80%83%E8%AF%95%E5%A4%A7%E7%BA%B21219.pdf,2025-11,2026-08-11
hsk3-4-0018,办事,bànshì,menangani (urusan);bekerja,to handle (affairs);to work,CLEC 新版HSK考试大纲,https://hsk.cn-bj.ufileos.com/3.0/%E6%96%B0%E7%89%88HSK%E8%80%83%E8%AF%95%E5%A4%A7%E7%BA%B21219.pdf,2025-11,2026-08-11
hsk3-4-0019,包裹,bāoguǒ,membungkus;mengikat;berkas,to wrap up;to bind up;bundle,CLEC 新版HSK考试大纲,https://hsk.cn-bj.ufileos.com/3.0/%E6%96%B0%E7%89%88HSK%E8%80%83%E8%AF%95%E5%A4%A7%E7%BA%B21219.pdf,2025-11,2026-08-11
hsk3-4-0020,包含,bāohán,mengandung;mewujudkan;memasukkan,to contain;to embody;to include,CLEC 新版HSK考试大纲,https://hsk.cn-bj.ufileos.com/3.0/%E6%96%B0%E7%89%88HSK%E8%80%83%E8%AF%95%E5%A4%A7%E7%BA%B21219.pdf,2025-11,2026-08-11
hsk3-4-0021,包括,bāokuò,terdiri dari;mencakup;melibatkan,to comprise;to include;to involve,CLEC 新版HSK考试大纲,https://hsk.cn-bj.ufileos.com/3.0/%E6%96%B0%E7%89%88HSK%E8%80%83%E8%AF%95%E5%A4%A7%E7%BA%B21219.pdf,2025-11,2026-08-11
hsk3-4-0022,薄,báo,tipis;dingin dalam sikap;acuh tak acuh,thin;cold in manner;indifferent,CLEC 新版HSK考试大纲,https://hsk.cn-bj.ufileos.com/3.0/%E6%96%B0%E7%89%88HSK%E8%80%83%E8%AF%95%E5%A4%A7%E7%BA%B21219.pdf,2025-11,2026-08-11
hsk3-4-0023,宝,bǎo,permata;kenangan berharga;harta karun,jewel;gem;treasure,CLEC 新版HSK考试大纲,https://hsk.cn-bj.ufileos.com/3.0/%E6%96%B0%E7%89%88HSK%E8%80%83%E8%AF%95%E5%A4%A7%E7%BA%B21219.pdf,2025-11,2026-08-11
hsk3-4-0024,宝宝,bǎobao,"sayang, bayi","darling, baby",CLEC 新版HSK考试大纲,https://hsk.cn-bj.ufileos.com/3.0/%E6%96%B0%E7%89%88HSK%E8%80%83%E8%AF%95%E5%A4%A7%E7%BA%B21219.pdf,2025-11,2026-08-11
hsk3-4-0025,宝贝,bǎobèi,objek berharga;harta karun;sayang,treasured object;treasure;darling,CLEC 新版HSK考试大纲,https://hsk.cn-bj.ufileos.com/3.0/%E6%96%B0%E7%89%88HSK%E8%80%83%E8%AF%95%E5%A4%A7%E7%BA%B21219.pdf,2025-11,2026-08-11
hsk3-4-0026,宝贵,bǎoguì,berharga;bernilai;menghargai,valuable;precious;to value,CLEC 新版HSK考试大纲,https://hsk.cn-bj.ufileos.com/3.0/%E6%96%B0%E7%89%88HSK%E8%80%83%E8%AF%95%E5%A4%A7%E7%BA%B21219.pdf,2025-11,2026-08-11
hsk3-4-0027,宝石,bǎoshí,"batu mulia, permata;KP:枚颗","precious stone, gem",CLEC 新版HSK考试大纲,https://hsk.cn-bj.ufileos.com/3.0/%E6%96%B0%E7%89%88HSK%E8%80%83%E8%AF%95%E5%A4%A7%E7%BA%B21219.pdf,2025-11,2026-08-11
hsk3-4-0028,保密,bǎomì,merahasiakan sesuatu;menjaga kerahasiaan,to keep sth confidential;to maintain secrecy,CLEC 新版HSK考试大纲,https://hsk.cn-bj.ufileos.com/3.0/%E6%96%B0%E7%89%88HSK%E8%80%83%E8%AF%95%E5%A4%A7%E7%BA%B21219.pdf,2025-11,2026-08-11
hsk3-4-0029,保守,bǎoshǒu,konservatif;menjaga;memelihara,conservative;to guard;to keep,CLEC 新版HSK考试大纲,https://hsk.cn-bj.ufileos.com/3.0/%E6%96%B0%E7%89%88HSK%E8%80%83%E8%AF%95%E5%A4%A7%E7%BA%B21219.pdf,2025-11,2026-08-11
hsk3-4-0030,抱,bào,memegang;membawa (dalam pelukan);memeluk,to hold;to carry (in one's arms);to hug,CLEC 新版HSK考试大纲,https://hsk.cn-bj.ufileos.com/3.0/%E6%96%B0%E7%89%88HSK%E8%80%83%E8%AF%95%E5%A4%A7%E7%BA%B21219.pdf,2025-11,2026-08-11
hsk3-4-0031,背景,bèijǐng,"latar belakang, konteks;(kiasan) pendukung kuat","background, backdrop, context;(fig.) powerful backer",CLEC 新版HSK考试大纲,https://hsk.cn-bj.ufileos.com/3.0/%E6%96%B0%E7%89%88HSK%E8%80%83%E8%AF%95%E5%A4%A7%E7%BA%B21219.pdf,2025-11,2026-08-11
hsk3-4-0032,倍,bèi,"(dua, tiga, dll.) -kali;kali (pengali);ganda","(two, three etc) -fold;times (multiplier);double",CLEC 新版HSK考试大纲,https://hsk.cn-bj.ufileos.com/3.0/%E6%96%B0%E7%89%88HSK%E8%80%83%E8%AF%95%E5%A4%A7%E7%BA%B21219.pdf,2025-11,2026-08-11
hsk3-4-0033,被迫,bèipò,"terpaksa, dipaksa","to be compelled, to be forced",CLEC 新版HSK考试大纲,https://hsk.cn-bj.ufileos.com/3.0/%E6%96%B0%E7%89%88HSK%E8%80%83%E8%AF%95%E5%A4%A7%E7%BA%B21219.pdf,2025-11,2026-08-11
hsk3-4-0034,本科,běnkē,kursus sarjana;sarjana (atributif),undergraduate course;undergraduate (attributive),CLEC 新版HSK考试大纲,https://hsk.cn-bj.ufileos.com/3.0/%E6%96%B0%E7%89%88HSK%E8%80%83%E8%AF%95%E5%A4%A7%E7%BA%B21219.pdf,2025-11,2026-08-11
hsk3-4-0035,笨,bèn,bodoh;tolol;konyol,stupid;foolish;silly,CLEC 新版HSK考试大纲,https://hsk.cn-bj.ufileos.com/3.0/%E6%96%B0%E7%89%88HSK%E8%80%83%E8%AF%95%E5%A4%A7%E7%BA%B21219.pdf,2025-11,2026-08-11
hsk3-4-0036,比分,bǐfēn,skor (pertandingan atau kompetisi),score (of a game or competition),CLEC 新版HSK考试大纲,https://hsk.cn-bj.ufileos.com/3.0/%E6%96%B0%E7%89%88HSK%E8%80%83%E8%AF%95%E5%A4%A7%E7%BA%B21219.pdf,2025-11,2026-08-11
hsk3-4-0037,毕业,bìyè,kelulusan;lulus;selesai sekolah,graduation;to graduate;to finish school,CLEC 新版HSK考试大纲,https://hsk.cn-bj.ufileos.com/3.0/%E6%96%B0%E7%89%88HSK%E8%80%83%E8%AF%95%E5%A4%A7%E7%BA%B21219.pdf,2025-11,2026-08-11
hsk3-4-0038,毕业生,bìyèshēng,lulusan,graduate,CLEC 新版HSK考试大纲,https://hsk.cn-bj.ufileos.com/3.0/%E6%96%B0%E7%89%88HSK%E8%80%83%E8%AF%95%E5%A4%A7%E7%BA%B21219.pdf,2025-11,2026-08-11
hsk3-4-0039,避,bì,menghindar;menghindari;melarikan diri,to avoid;to shun;to flee,CLEC 新版HSK考试大纲,https://hsk.cn-bj.ufileos.com/3.0/%E6%96%B0%E7%89%88HSK%E8%80%83%E8%AF%95%E5%A4%A7%E7%BA%B21219.pdf,2025-11,2026-08-11
hsk3-4-0040,避免,bìmiǎn,menghindari;mencegah;menahan diri dari,to avert;to prevent;to avoid,CLEC 新版HSK考试大纲,https://hsk.cn-bj.ufileos.com/3.0/%E6%96%B0%E7%89%88HSK%E8%80%83%E8%AF%95%E5%A4%A7%E7%BA%B21219.pdf,2025-11,2026-08-11
hsk3-4-0041,编,biān,menenun;mengepang;mengorganisir,to weave;to plait;to organize,CLEC 新版HSK考试大纲,https://hsk.cn-bj.ufileos.com/3.0/%E6%96%B0%E7%89%88HSK%E8%80%83%E8%AF%95%E5%A4%A7%E7%BA%B21219.pdf,2025-11,2026-08-11
hsk3-4-0042,辩论,biànlùn,debat;argumen;memperdebatkan,debate;argument;to argue over,CLEC 新版HSK考试大纲,https://hsk.cn-bj.ufileos.com/3.0/%E6%96%B0%E7%89%88HSK%E8%80%83%E8%AF%95%E5%A4%A7%E7%BA%B21219.pdf,2025-11,2026-08-11
hsk3-4-0043,标志,biāozhì,"tanda, marka, simbol, logo;melambangkan, menunjukkan, menandai","sign, mark, symbol, logo;to symbolize, to indicate, to mark",CLEC 新版HSK考试大纲,https://hsk.cn-bj.ufileos.com/3.0/%E6%96%B0%E7%89%88HSK%E8%80%83%E8%AF%95%E5%A4%A7%E7%BA%B21219.pdf,2025-11,2026-08-11
hsk3-4-0044,表情,biǎoqíng,ekspresi (wajah);mengekspresikan perasaan seseorang,(facial) expression;to express one's feelings,CLEC 新版HSK考试大纲,https://hsk.cn-bj.ufileos.com/3.0/%E6%96%B0%E7%89%88HSK%E8%80%83%E8%AF%95%E5%A4%A7%E7%BA%B21219.pdf,2025-11,2026-08-11
hsk3-4-0045,表扬,biǎoyáng,memuji,to praise;to commend,CLEC 新版HSK考试大纲,https://hsk.cn-bj.ufileos.com/3.0/%E6%96%B0%E7%89%88HSK%E8%80%83%E8%AF%95%E5%A4%A7%E7%BA%B21219.pdf,2025-11,2026-08-11
hsk3-4-0046,别,bié,"berpisah, meninggalkan;(sastra) membedakan, memilah;(dialek) memalingkan, mengalihkan (wajah, pandangan)","to leave, to part (from);(literary) to differentiate, to distinguish;(dialect) to turn away, to turn aside, to avert (one's face, gaze etc)",CLEC 新版HSK考试大纲,https://hsk.cn-bj.ufileos.com/3.0/%E6%96%B0%E7%89%88HSK%E8%80%83%E8%AF%95%E5%A4%A7%E7%BA%B21219.pdf,2025-11,2026-08-11
hsk3-4-0047,冰,bīng,es;块;mendinginkan sesuatu,ice;块;to chill sth,CLEC 新版HSK考试大纲,https://hsk.cn-bj.ufileos.com/3.0/%E6%96%B0%E7%89%88HSK%E8%80%83%E8%AF%95%E5%A4%A7%E7%BA%B21219.pdf,2025-11,2026-08-11
hsk3-4-0048,冰箱,bīngxiāng,kulkas;(dulu) kotak es,refrigerator;(old) icebox,CLEC 新版HSK考试大纲,https://hsk.cn-bj.ufileos.com/3.0/%E6%96%B0%E7%89%88HSK%E8%80%83%E8%AF%95%E5%A4%A7%E7%BA%B21219.pdf,2025-11,2026-08-11
hsk3-4-0049,冰雪,bīngxuě,es dan salju,ice and snow,CLEC 新版HSK考试大纲,https://hsk.cn-bj.ufileos.com/3.0/%E6%96%B0%E7%89%88HSK%E8%80%83%E8%AF%95%E5%A4%A7%E7%BA%B21219.pdf,2025-11,2026-08-11
hsk3-4-0050,兵,bīng,tentara;pasukan;angkatan darat,soldiers;a force;an army,CLEC 新版HSK考试大纲,https://hsk.cn-bj.ufileos.com/3.0/%E6%96%B0%E7%89%88HSK%E8%80%83%E8%AF%95%E5%A4%A7%E7%BA%B21219.pdf,2025-11,2026-08-11
hsk3-4-0051,并,bìng,dan;selanjutnya;juga,and;furthermore;also,CLEC 新版HSK考试大纲,https://hsk.cn-bj.ufileos.com/3.0/%E6%96%B0%E7%89%88HSK%E8%80%83%E8%AF%95%E5%A4%A7%E7%BA%B21219.pdf,2025-11,2026-08-11
hsk3-4-0052,不要紧,bùyàojǐn,tidak penting;tidak serius;tidak masalah,unimportant;not serious;it doesn't matter,CLEC 新版HSK考试大纲,https://hsk.cn-bj.ufileos.com/3.0/%E6%96%B0%E7%89%88HSK%E8%80%83%E8%AF%95%E5%A4%A7%E7%BA%B21219.pdf,2025-11,2026-08-11
hsk3-4-0053,不在乎,bùzàihu,tidak peduli,not to care,CLEC 新版HSK考试大纲,https://hsk.cn-bj.ufileos.com/3.0/%E6%96%B0%E7%89%88HSK%E8%80%83%E8%AF%95%E5%A4%A7%E7%BA%B21219.pdf,2025-11,2026-08-11
hsk3-4-0054,不管,bùguǎn,tidak peduli;terlepas dari;tidak masalah,not to be concerned;regardless of;no matter,CLEC 新版HSK考试大纲,https://hsk.cn-bj.ufileos.com/3.0/%E6%96%B0%E7%89%88HSK%E8%80%83%E8%AF%95%E5%A4%A7%E7%BA%B21219.pdf,2025-11,2026-08-11
hsk3-4-0055,不然,bùrán,tidak demikian;tidak;atau,not so;no;or else,CLEC 新版HSK考试大纲,https://hsk.cn-bj.ufileos.com/3.0/%E6%96%B0%E7%89%88HSK%E8%80%83%E8%AF%95%E5%A4%A7%E7%BA%B21219.pdf,2025-11,2026-08-11
hsk3-4-0056,布置,bùzhì,"menata, mengatur, menyusun;menugaskan (tugas, pekerjaan rumah dll)","to arrange, to set up, to lay out;to assign (tasks, homework etc)",CLEC 新版HSK考试大纲,https://hsk.cn-bj.ufileos.com/3.0/%E6%96%B0%E7%89%88HSK%E8%80%83%E8%AF%95%E5%A4%A7%E7%BA%B21219.pdf,2025-11,2026-08-11
hsk3-4-0057,步行,bùxíng,berjalan kaki;berjalan,to go on foot;to walk,CLEC 新版HSK考试大纲,https://hsk.cn-bj.ufileos.com/3.0/%E6%96%B0%E7%89%88HSK%E8%80%83%E8%AF%95%E5%A4%A7%E7%BA%B21219.pdf,2025-11,2026-08-11
hsk3-4-0058,擦,cā,"menggosok, menggaruk;menyeka, memoles;mengoleskan (lipstik, losion, dll)","to rub, to scratch;to wipe, to polish;to apply (lipstick, lotion etc)",CLEC 新版HSK考试大纲,https://hsk.cn-bj.ufileos.com/3.0/%E6%96%B0%E7%89%88HSK%E8%80%83%E8%AF%95%E5%A4%A7%E7%BA%B21219.pdf,2025-11,2026-08-11
hsk3-4-0059,才,cái,"kemampuan, bakat;seseorang dari tipe tertentu;individu yang cakap","ability, talent;sb of a certain type;a capable individual",CLEC 新版HSK考试大纲,https://hsk.cn-bj.ufileos.com/3.0/%E6%96%B0%E7%89%88HSK%E8%80%83%E8%AF%95%E5%A4%A7%E7%BA%B21219.pdf,2025-11,2026-08-11
hsk3-4-0060,材料,cáiliào,bahan (mentah);data;(kiasan) orang yang punya potensi melakukan pekerjaan,(raw) material;data;(fig.) person who has the potential to do the job,CLEC 新版HSK考试大纲,https://hsk.cn-bj.ufileos.com/3.0/%E6%96%B0%E7%89%88HSK%E8%80%83%E8%AF%95%E5%A4%A7%E7%BA%B21219.pdf,2025-11,2026-08-11
hsk3-4-0061,财产,cáichǎn,properti;aset;warisan,property;assets;estate,CLEC 新版HSK考试大纲,https://hsk.cn-bj.ufileos.com/3.0/%E6%96%B0%E7%89%88HSK%E8%80%83%E8%AF%95%E5%A4%A7%E7%BA%B21219.pdf,2025-11,2026-08-11
hsk3-4-0062,财富,cáifù,kekayaan;harta,wealth;riches,CLEC 新版HSK考试大纲,https://hsk.cn-bj.ufileos.com/3.0/%E6%96%B0%E7%89%88HSK%E8%80%83%E8%AF%95%E5%A4%A7%E7%BA%B21219.pdf,2025-11,2026-08-11
hsk3-4-0063,采访,cǎifǎng,mewawancarai;mengumpulkan berita;berburu dan mengumpulkan,to interview;to gather news;to hunt for and collect,CLEC 新版HSK考试大纲,https://hsk.cn-bj.ufileos.com/3.0/%E6%96%B0%E7%89%88HSK%E8%80%83%E8%AF%95%E5%A4%A7%E7%BA%B21219.pdf,2025-11,2026-08-11
hsk3-4-0064,参考,cānkǎo,konsultasi;referensi;berkonsultasi,consultation;reference;to consult,CLEC 新版HSK考试大纲,https://hsk.cn-bj.ufileos.com/3.0/%E6%96%B0%E7%89%88HSK%E8%80%83%E8%AF%95%E5%A4%A7%E7%BA%B21219.pdf,2025-11,2026-08-11
hsk3-4-0065,参与,cānyù,berpartisipasi (dalam sesuatu),to participate (in sth),CLEC 新版HSK考试大纲,https://hsk.cn-bj.ufileos.com/3.0/%E6%96%B0%E7%89%88HSK%E8%80%83%E8%AF%95%E5%A4%A7%E7%BA%B21219.pdf,2025-11,2026-08-11
hsk3-4-0066,操场,cāochǎng,"tempat bermain, lapangan olahraga, lapangan latihan, 个",playground;sports field;drill ground,CLEC 新版HSK考试大纲,https://hsk.cn-bj.ufileos.com/3.0/%E6%96%B0%E7%89%88HSK%E8%80%83%E8%AF%95%E5%A4%A7%E7%BA%B21219.pdf,2025-11,2026-08-11
hsk3-4-0067,操作,cāozuò,"bekerja, mengoperasikan, memanipulasi",to work;to operate;to manipulate,CLEC 新版HSK考试大纲,https://hsk.cn-bj.ufileos.com/3.0/%E6%96%B0%E7%89%88HSK%E8%80%83%E8%AF%95%E5%A4%A7%E7%BA%B21219.pdf,2025-11,2026-08-11
hsk3-4-0068,测,cè,survei;mengukur;menebak,to survey;to measure;to conjecture,CLEC 新版HSK考试大纲,https://hsk.cn-bj.ufileos.com/3.0/%E6%96%B0%E7%89%88HSK%E8%80%83%E8%AF%95%E5%A4%A7%E7%BA%B21219.pdf,2025-11,2026-08-11
hsk3-4-0069,测量,cèliáng,survei;mengukur;menentukan,survey;to measure;to gauge,CLEC 新版HSK考试大纲,https://hsk.cn-bj.ufileos.com/3.0/%E6%96%B0%E7%89%88HSK%E8%80%83%E8%AF%95%E5%A4%A7%E7%BA%B21219.pdf,2025-11,2026-08-11
hsk3-4-0070,测试,cèshì,menguji (mesin dll);menguji (keterampilan seseorang di bidang tertentu);sebuah tes,to test (machinery etc);to test (a person's skill in a particular area);a test,CLEC 新版HSK考试大纲,https://hsk.cn-bj.ufileos.com/3.0/%E6%96%B0%E7%89%88HSK%E8%80%83%E8%AF%95%E5%A4%A7%E7%BA%B21219.pdf,2025-11,2026-08-11
hsk3-4-0071,曾,céng,pernah;sudah;pernah (di masa lalu),once;already;ever (in the past),CLEC 新版HSK考试大纲,https://hsk.cn-bj.ufileos.com/3.0/%E6%96%B0%E7%89%88HSK%E8%80%83%E8%AF%95%E5%A4%A7%E7%BA%B21219.pdf,2025-11,2026-08-11
hsk3-4-0072,茶叶,cháyè,"teh;daun teh;KP:盒,罐,包,片",tea;tea leaves,CLEC 新版HSK考试大纲,https://hsk.cn-bj.ufileos.com/3.0/%E6%96%B0%E7%89%88HSK%E8%80%83%E8%AF%95%E5%A4%A7%E7%BA%B21219.pdf,2025-11,2026-08-11
hsk3-4-0073,产品,chǎnpǐn,barang;barang dagangan;produk,goods;merchandise;product,CLEC 新版HSK考试大纲,https://hsk.cn-bj.ufileos.com/3.0/%E6%96%B0%E7%89%88HSK%E8%80%83%E8%AF%95%E5%A4%A7%E7%BA%B21219.pdf,2025-11,2026-08-11
hsk3-4-0074,长途,chángtú,jarak jauh;panggilan telepon jarak jauh (singkatan dari 长途电话);bus jarak jauh (singkatan dari 长途汽车),long distance;long-distance phone call (abbr. for 长途电话);long-distance coach (abbr. for 长途汽车),CLEC 新版HSK考试大纲,https://hsk.cn-bj.ufileos.com/3.0/%E6%96%B0%E7%89%88HSK%E8%80%83%E8%AF%95%E5%A4%A7%E7%BA%B21219.pdf,2025-11,2026-08-11
hsk3-4-0075,常识,chángshí,"akal sehat, pengetahuan umum","common sense, general knowledge",CLEC 新版HSK考试大纲,https://hsk.cn-bj.ufileos.com/3.0/%E6%96%B0%E7%89%88HSK%E8%80%83%E8%AF%95%E5%A4%A7%E7%BA%B21219.pdf,2025-11,2026-08-11
hsk3-4-0076,唱片,chàngpiàn,rekaman gramofon;LP;CD musik,gramophone record;LP;music CD,CLEC 新版HSK考试大纲,https://hsk.cn-bj.ufileos.com/3.0/%E6%96%B0%E7%89%88HSK%E8%80%83%E8%AF%95%E5%A4%A7%E7%BA%B21219.pdf,2025-11,2026-08-11
hsk3-4-0077,抄,chāo,membuat salinan;menjiplak;menggeledah dan menyita,to make a copy;to plagiarize;to search and seize,CLEC 新版HSK考试大纲,https://hsk.cn-bj.ufileos.com/3.0/%E6%96%B0%E7%89%88HSK%E8%80%83%E8%AF%95%E5%A4%A7%E7%BA%B21219.pdf,2025-11,2026-08-11
hsk3-4-0078,抄写,chāoxiě,menyalin;mentranskripsi,to copy;to transcribe,CLEC 新版HSK考试大纲,https://hsk.cn-bj.ufileos.com/3.0/%E6%96%B0%E7%89%88HSK%E8%80%83%E8%AF%95%E5%A4%A7%E7%BA%B21219.pdf,2025-11,2026-08-11
hsk3-4-0079,潮,cháo,"pasang, lembap, basah, beruap, modis, trendi;(percakapan) inferior, di bawah standar","tide;damp, moist, humid;fashionable, trendy",CLEC 新版HSK考试大纲,https://hsk.cn-bj.ufileos.com/3.0/%E6%96%B0%E7%89%88HSK%E8%80%83%E8%AF%95%E5%A4%A7%E7%BA%B21219.pdf,2025-11,2026-08-11
hsk3-4-0080,潮流,cháoliú,pasang;arus;tren,tide;current;trend,CLEC 新版HSK考试大纲,https://hsk.cn-bj.ufileos.com/3.0/%E6%96%B0%E7%89%88HSK%E8%80%83%E8%AF%95%E5%A4%A7%E7%BA%B21219.pdf,2025-11,2026-08-11
hsk3-4-0081,潮湿,cháoshī,lembab;basah,damp;moist,CLEC 新版HSK考试大纲,https://hsk.cn-bj.ufileos.com/3.0/%E6%96%B0%E7%89%88HSK%E8%80%83%E8%AF%95%E5%A4%A7%E7%BA%B21219.pdf,2025-11,2026-08-11
hsk3-4-0082,彻底,chèdǐ,menyeluruh;sepenuhnya;lengkap,thorough;thoroughly;complete,CLEC 新版HSK考试大纲,https://hsk.cn-bj.ufileos.com/3.0/%E6%96%B0%E7%89%88HSK%E8%80%83%E8%AF%95%E5%A4%A7%E7%BA%B21219.pdf,2025-11,2026-08-11
hsk3-4-0083,沉,chén,menyelam;membenamkan;tenggelam,to submerge;to immerse;to sink,CLEC 新版HSK考试大纲,https://hsk.cn-bj.ufileos.com/3.0/%E6%96%B0%E7%89%88HSK%E8%80%83%E8%AF%95%E5%A4%A7%E7%BA%B21219.pdf,2025-11,2026-08-11
hsk3-4-0084,沉默,chénmò,"pendiam, tidak komunikatif, diam",taciturn;uncommunicative;silent,CLEC 新版HSK考试大纲,https://hsk.cn-bj.ufileos.com/3.0/%E6%96%B0%E7%89%88HSK%E8%80%83%E8%AF%95%E5%A4%A7%E7%BA%B21219.pdf,2025-11,2026-08-11
hsk3-4-0085,沉重,chénzhòng,"berat, sulit, serius, kritis",heavy;hard;serious,CLEC 新版HSK考试大纲,https://hsk.cn-bj.ufileos.com/3.0/%E6%96%B0%E7%89%88HSK%E8%80%83%E8%AF%95%E5%A4%A7%E7%BA%B21219.pdf,2025-11,2026-08-11
hsk3-4-0086,称赞,chēngzàn,"memuji, untuk memuji, memberi selamat","to praise, to commend, to compliment",CLEC 新版HSK考试大纲,https://hsk.cn-bj.ufileos.com/3.0/%E6%96%B0%E7%89%88HSK%E8%80%83%E8%AF%95%E5%A4%A7%E7%BA%B21219.pdf,2025-11,2026-08-11
hsk3-4-0087,成人,chéngrén,mencapai usia dewasa;orang dewasa,to reach adulthood;an adult,CLEC 新版HSK考试大纲,https://hsk.cn-bj.ufileos.com/3.0/%E6%96%B0%E7%89%88HSK%E8%80%83%E8%AF%95%E5%A4%A7%E7%BA%B21219.pdf,2025-11,2026-08-11
hsk3-4-0088,诚实,chéngshí,jujur,honest,CLEC 新版HSK考试大纲,https://hsk.cn-bj.ufileos.com/3.0/%E6%96%B0%E7%89%88HSK%E8%80%83%E8%AF%95%E5%A4%A7%E7%BA%B21219.pdf,2025-11,2026-08-11
hsk3-4-0089,诚信,chéngxìn,"kejujuran, dapat dipercaya, niat baik","honesty, trustworthiness, good faith",CLEC 新版HSK考试大纲,https://hsk.cn-bj.ufileos.com/3.0/%E6%96%B0%E7%89%88HSK%E8%80%83%E8%AF%95%E5%A4%A7%E7%BA%B21219.pdf,2025-11,2026-08-11
hsk3-4-0090,承担,chéngdān,mengambil;memikul (tanggung jawab dll),to undertake;to assume (responsibility etc),CLEC 新版HSK考试大纲,https://hsk.cn-bj.ufileos.com/3.0/%E6%96%B0%E7%89%88HSK%E8%80%83%E8%AF%95%E5%A4%A7%E7%BA%B21219.pdf,2025-11,2026-08-11
hsk3-4-0091,承认,chéngrèn,"mengakui;menerima;pengakuan (diplomatik, artistik, dll.)",to admit;to concede;to recognize,CLEC 新版HSK考试大纲,https://hsk.cn-bj.ufileos.com/3.0/%E6%96%B0%E7%89%88HSK%E8%80%83%E8%AF%95%E5%A4%A7%E7%BA%B21219.pdf,2025-11,2026-08-11
hsk3-4-0092,承受,chéngshòu,menanggung;mendukung;mewarisi,to bear;to support;to inherit,CLEC 新版HSK考试大纲,https://hsk.cn-bj.ufileos.com/3.0/%E6%96%B0%E7%89%88HSK%E8%80%83%E8%AF%95%E5%A4%A7%E7%BA%B21219.pdf,2025-11,2026-08-11
hsk3-4-0093,程序,chéngxù,prosedur;urutan;aturan,procedures;sequence;order,CLEC 新版HSK考试大纲,https://hsk.cn-bj.ufileos.com/3.0/%E6%96%B0%E7%89%88HSK%E8%80%83%E8%AF%95%E5%A4%A7%E7%BA%B21219.pdf,2025-11,2026-08-11
hsk3-4-0094,吃惊,chījīng,terkejut;kaget;kagum,to be startled;to be shocked;to be amazed,CLEC 新版HSK考试大纲,https://hsk.cn-bj.ufileos.com/3.0/%E6%96%B0%E7%89%88HSK%E8%80%83%E8%AF%95%E5%A4%A7%E7%BA%B21219.pdf,2025-11,2026-08-11
hsk3-4-0095,迟到,chídào,tiba terlambat,to arrive late,CLEC 新版HSK考试大纲,https://hsk.cn-bj.ufileos.com/3.0/%E6%96%B0%E7%89%88HSK%E8%80%83%E8%AF%95%E5%A4%A7%E7%BA%B21219.pdf,2025-11,2026-08-11
hsk3-4-0096,尺,chǐ,satu kaki Tiongkok;sepertiga meter;penggaris,a Chinese foot;one-third of a meter;a ruler,CLEC 新版HSK考试大纲,https://hsk.cn-bj.ufileos.com/3.0/%E6%96%B0%E7%89%88HSK%E8%80%83%E8%AF%95%E5%A4%A7%E7%BA%B21219.pdf,2025-11,2026-08-11
hsk3-4-0097,尺寸,chǐcùn,"ukuran, dimensi, pengukuran (terutama pakaian);(percakapan) kesopanan","size, dimensions, measurements (esp. of clothes);(coll.) propriety",CLEC 新版HSK考试大纲,https://hsk.cn-bj.ufileos.com/3.0/%E6%96%B0%E7%89%88HSK%E8%80%83%E8%AF%95%E5%A4%A7%E7%BA%B21219.pdf,2025-11,2026-08-11
hsk3-4-0098,尺子,chǐzi,penggaris (alat ukur);KP:把,ruler (measuring instrument),CLEC 新版HSK考试大纲,https://hsk.cn-bj.ufileos.com/3.0/%E6%96%B0%E7%89%88HSK%E8%80%83%E8%AF%95%E5%A4%A7%E7%BA%B21219.pdf,2025-11,2026-08-11
hsk3-4-0099,冲,chōng,(air) menerjang;bercampur dengan air;menyeduh,(of water) to dash against;to mix with water;to infuse,CLEC 新版HSK考试大纲,https://hsk.cn-bj.ufileos.com/3.0/%E6%96%B0%E7%89%88HSK%E8%80%83%E8%AF%95%E5%A4%A7%E7%BA%B21219.pdf,2025-11,2026-08-11
hsk3-4-0100,充电,chōngdiàn,mengisi ulang (baterai);(kiasan) untuk mengisi ulang tenaga (melalui waktu luang);memperbarui keterampilan dan pengetahuan seseorang,to recharge (a battery);(fig.) to recharge one's batteries (through leisure);to update one's skills and knowledge,CLEC 新版HSK考试大纲,https://hsk.cn-bj.ufileos.com/3.0/%E6%96%B0%E7%89%88HSK%E8%80%83%E8%AF%95%E5%A4%A7%E7%BA%B21219.pdf,2025-11,2026-08-11
hsk3-4-0101,充电器,chōngdiànqì,pengisi daya baterai,battery charger,CLEC 新版HSK考试大纲,https://hsk.cn-bj.ufileos.com/3.0/%E6%96%B0%E7%89%88HSK%E8%80%83%E8%AF%95%E5%A4%A7%E7%BA%B21219.pdf,2025-11,2026-08-11
hsk3-4-0102,充分,chōngfèn,cukup;memadai;penuh,ample;sufficient;adequate,CLEC 新版HSK考试大纲,https://hsk.cn-bj.ufileos.com/3.0/%E6%96%B0%E7%89%88HSK%E8%80%83%E8%AF%95%E5%A4%A7%E7%BA%B21219.pdf,2025-11,2026-08-11
hsk3-4-0103,虫子,chóngzi,serangga;kutu;cacing,insect;bug;worm,CLEC 新版HSK考试大纲,https://hsk.cn-bj.ufileos.com/3.0/%E6%96%B0%E7%89%88HSK%E8%80%83%E8%AF%95%E5%A4%A7%E7%BA%B21219.pdf,2025-11,2026-08-11
hsk3-4-0104,抽,chōu,"menarik keluar, mengeluarkan dari sela-sela;menghilangkan sebagian dari keseluruhan;menghirup (terutama asap)","to draw out, to pull out from in between;to remove part of the whole;to inhale (esp. smoke)",CLEC 新版HSK考试大纲,https://hsk.cn-bj.ufileos.com/3.0/%E6%96%B0%E7%89%88HSK%E8%80%83%E8%AF%95%E5%A4%A7%E7%BA%B21219.pdf,2025-11,2026-08-11
hsk3-4-0105,抽奖,chōujiǎng,mengundi hadiah;lotre;undian berhadiah,to draw a prize;a lottery;a raffle,CLEC 新版HSK考试大纲,https://hsk.cn-bj.ufileos.com/3.0/%E6%96%B0%E7%89%88HSK%E8%80%83%E8%AF%95%E5%A4%A7%E7%BA%B21219.pdf,2025-11,2026-08-11
hsk3-4-0106,抽烟,chōuyān,merokok (tembakau),to smoke (tobacco),CLEC 新版HSK考试大纲,https://hsk.cn-bj.ufileos.com/3.0/%E6%96%B0%E7%89%88HSK%E8%80%83%E8%AF%95%E5%A4%A7%E7%BA%B21219.pdf,2025-11,2026-08-11
hsk3-4-0107,出口,chūkǒu,pintu keluar;个;berbicara,an exit;个;to speak,CLEC 新版HSK考试大纲,https://hsk.cn-bj.ufileos.com/3.0/%E6%96%B0%E7%89%88HSK%E8%80%83%E8%AF%95%E5%A4%A7%E7%BA%B21219.pdf,2025-11,2026-08-11
hsk3-4-0108,出色,chūsè,"luar biasa, menonjol","remarkable, outstanding",CLEC 新版HSK考试大纲,https://hsk.cn-bj.ufileos.com/3.0/%E6%96%B0%E7%89%88HSK%E8%80%83%E8%AF%95%E5%A4%A7%E7%BA%B21219.pdf,2025-11,2026-08-11
hsk3-4-0109,出售,chūshòu,menjual;menawarkan untuk dijual;menempatkan di pasar,to sell;to offer for sale;to put on the market,CLEC 新版HSK考试大纲,https://hsk.cn-bj.ufileos.com/3.0/%E6%96%B0%E7%89%88HSK%E8%80%83%E8%AF%95%E5%A4%A7%E7%BA%B21219.pdf,2025-11,2026-08-11
hsk3-4-0110,出席,chūxí,menghadiri;berpartisipasi;hadir,to attend;to participate;present,CLEC 新版HSK考试大纲,https://hsk.cn-bj.ufileos.com/3.0/%E6%96%B0%E7%89%88HSK%E8%80%83%E8%AF%95%E5%A4%A7%E7%BA%B21219.pdf,2025-11,2026-08-11
hsk3-4-0111,处于,chǔyú,"berada di (keadaan, posisi, atau kondisi tertentu)","to be in (some state, position, or condition)",CLEC 新版HSK考试大纲,https://hsk.cn-bj.ufileos.com/3.0/%E6%96%B0%E7%89%88HSK%E8%80%83%E8%AF%95%E5%A4%A7%E7%BA%B21219.pdf,2025-11,2026-08-11
hsk3-4-0112,处,chù,"(bentuk terikat) tempat, lokalitas;(bentuk terikat) bagian, aspek;(bentuk terikat) kantor, departemen, biro","(bound form) place, locality;(bound form) part, aspect;(bound form) office, department, bureau",CLEC 新版HSK考试大纲,https://hsk.cn-bj.ufileos.com/3.0/%E6%96%B0%E7%89%88HSK%E8%80%83%E8%AF%95%E5%A4%A7%E7%BA%B21219.pdf,2025-11,2026-08-11
hsk3-4-0113,穿上,chuānshang,memakai (pakaian dll),to put on (clothes etc),CLEC 新版HSK考试大纲,https://hsk.cn-bj.ufileos.com/3.0/%E6%96%B0%E7%89%88HSK%E8%80%83%E8%AF%95%E5%A4%A7%E7%BA%B21219.pdf,2025-11,2026-08-11
hsk3-4-0114,传统,chuántǒng,"tradisi, tradisional","tradition, traditional",CLEC 新版HSK考试大纲,https://hsk.cn-bj.ufileos.com/3.0/%E6%96%B0%E7%89%88HSK%E8%80%83%E8%AF%95%E5%A4%A7%E7%BA%B21219.pdf,2025-11,2026-08-11
hsk3-4-0115,窗户,chuānghu,"jendela;个,扇","window;个,扇",CLEC 新版HSK考试大纲,https://hsk.cn-bj.ufileos.com/3.0/%E6%96%B0%E7%89%88HSK%E8%80%83%E8%AF%95%E5%A4%A7%E7%BA%B21219.pdf,2025-11,2026-08-11
hsk3-4-0116,窗台,chuāngtái,"ambang jendela, lis jendela","windowsill, window ledge",CLEC 新版HSK考试大纲,https://hsk.cn-bj.ufileos.com/3.0/%E6%96%B0%E7%89%88HSK%E8%80%83%E8%AF%95%E5%A4%A7%E7%BA%B21219.pdf,2025-11,2026-08-11
hsk3-4-0117,窗子,chuāngzi,jendela,window,CLEC 新版HSK考试大纲,https://hsk.cn-bj.ufileos.com/3.0/%E6%96%B0%E7%89%88HSK%E8%80%83%E8%AF%95%E5%A4%A7%E7%BA%B21219.pdf,2025-11,2026-08-11
hsk3-4-0118,春季,chūnjì,musim semi,springtime,CLEC 新版HSK考试大纲,https://hsk.cn-bj.ufileos.com/3.0/%E6%96%B0%E7%89%88HSK%E8%80%83%E8%AF%95%E5%A4%A7%E7%BA%B21219.pdf,2025-11,2026-08-11
hsk3-4-0119,纯,chún,murni;sederhana;tidak tercampur,pure;simple;unmixed,CLEC 新版HSK考试大纲,https://hsk.cn-bj.ufileos.com/3.0/%E6%96%B0%E7%89%88HSK%E8%80%83%E8%AF%95%E5%A4%A7%E7%BA%B21219.pdf,2025-11,2026-08-11
hsk3-4-0120,纯净水,chúnjìngshuǐ,air murni,purified water,CLEC 新版HSK考试大纲,https://hsk.cn-bj.ufileos.com/3.0/%E6%96%B0%E7%89%88HSK%E8%80%83%E8%AF%95%E5%A4%A7%E7%BA%B21219.pdf,2025-11,2026-08-11
hsk3-4-0121,词汇,cíhuì,kosa kata;daftar kata (misalnya untuk tujuan pengajaran bahasa);kata,vocabulary;list of words (e.g. for language teaching purposes);word,CLEC 新版HSK考试大纲,https://hsk.cn-bj.ufileos.com/3.0/%E6%96%B0%E7%89%88HSK%E8%80%83%E8%AF%95%E5%A4%A7%E7%BA%B21219.pdf,2025-11,2026-08-11
hsk3-4-0122,此,cǐ,ini,"this, these",CLEC 新版HSK考试大纲,https://hsk.cn-bj.ufileos.com/3.0/%E6%96%B0%E7%89%88HSK%E8%80%83%E8%AF%95%E5%A4%A7%E7%BA%B21219.pdf,2025-11,2026-08-11
hsk3-4-0123,此外,cǐwài,"selain itu, sebagai tambahan, apalagi, lebih jauh lagi","besides, in addition, moreover, furthermore",CLEC 新版HSK考试大纲,https://hsk.cn-bj.ufileos.com/3.0/%E6%96%B0%E7%89%88HSK%E8%80%83%E8%AF%95%E5%A4%A7%E7%BA%B21219.pdf,2025-11,2026-08-11
hsk3-4-0124,次,cì,"berikutnya dalam urutan;kedua;kedua (hari, waktu, dll)","next in sequence;second;the second (day, time etc)",CLEC 新版HSK考试大纲,https://hsk.cn-bj.ufileos.com/3.0/%E6%96%B0%E7%89%88HSK%E8%80%83%E8%AF%95%E5%A4%A7%E7%BA%B21219.pdf,2025-11,2026-08-11
hsk3-4-0125,刺,cì,duri;sengatan;dorongan,thorn;sting;thrust,CLEC 新版HSK考试大纲,https://hsk.cn-bj.ufileos.com/3.0/%E6%96%B0%E7%89%88HSK%E8%80%83%E8%AF%95%E5%A4%A7%E7%BA%B21219.pdf,2025-11,2026-08-11
hsk3-4-0126,刺激,cìjī,"memprovokasi, membuat jengkel, membuat kesal, merangsang, menggairahkan;iritan","to provoke, to irritate, to upset, to stimulate, to excite;irritant",CLEC 新版HSK考试大纲,https://hsk.cn-bj.ufileos.com/3.0/%E6%96%B0%E7%89%88HSK%E8%80%83%E8%AF%95%E5%A4%A7%E7%BA%B21219.pdf,2025-11,2026-08-11
hsk3-4-0127,从此,cóngcǐ,mulai sekarang;sejak saat itu,from now on;since then;henceforth,CLEC 新版HSK考试大纲,https://hsk.cn-bj.ufileos.com/3.0/%E6%96%B0%E7%89%88HSK%E8%80%83%E8%AF%95%E5%A4%A7%E7%BA%B21219.pdf,2025-11,2026-08-11
hsk3-4-0128,粗,cū,"(sesuatu yang panjang) lebar, tebal;(sesuatu yang granular) kasar;(suara) serak","(of sth long) wide, thick;(of sth granular) coarse;(of a voice) gruff",CLEC 新版HSK考试大纲,https://hsk.cn-bj.ufileos.com/3.0/%E6%96%B0%E7%89%88HSK%E8%80%83%E8%AF%95%E5%A4%A7%E7%BA%B21219.pdf,2025-11,2026-08-11
hsk3-4-0129,粗心,cūxīn,ceroboh;sembrono,careless;thoughtless,CLEC 新版HSK考试大纲,https://hsk.cn-bj.ufileos.com/3.0/%E6%96%B0%E7%89%88HSK%E8%80%83%E8%AF%95%E5%A4%A7%E7%BA%B21219.pdf,2025-11,2026-08-11
hsk3-4-0130,促进,cùjìn,"mempromosikan (ide atau tujuan), memajukan, meningkatkan","to promote (an idea or cause), to advance, boost",CLEC 新版HSK考试大纲,https://hsk.cn-bj.ufileos.com/3.0/%E6%96%B0%E7%89%88HSK%E8%80%83%E8%AF%95%E5%A4%A7%E7%BA%B21219.pdf,2025-11,2026-08-11
hsk3-4-0131,促使,cùshǐ,"mendorong, menyebabkan, memacu","to prompt, to induce, to spur",CLEC 新版HSK考试大纲,https://hsk.cn-bj.ufileos.com/3.0/%E6%96%B0%E7%89%88HSK%E8%80%83%E8%AF%95%E5%A4%A7%E7%BA%B21219.pdf,2025-11,2026-08-11
hsk3-4-0132,促销,cùxiāo,mempromosikan penjualan,to promote sales,CLEC 新版HSK考试大纲,https://hsk.cn-bj.ufileos.com/3.0/%E6%96%B0%E7%89%88HSK%E8%80%83%E8%AF%95%E5%A4%A7%E7%BA%B21219.pdf,2025-11,2026-08-11
hsk3-4-0133,措施,cuòshī,tindakan;langkah;个,measure;step;个,CLEC 新版HSK考试大纲,https://hsk.cn-bj.ufileos.com/3.0/%E6%96%B0%E7%89%88HSK%E8%80%83%E8%AF%95%E5%A4%A7%E7%BA%B21219.pdf,2025-11,2026-08-11
hsk3-4-0134,打,dá,(kata serapan) lusin;Taiwan dibaca,(loanword) dozen;Taiwan pr.,CLEC 新版HSK考试大纲,https://hsk.cn-bj.ufileos.com/3.0/%E6%96%B0%E7%89%88HSK%E8%80%83%E8%AF%95%E5%A4%A7%E7%BA%B21219.pdf,2025-11,2026-08-11
hsk3-4-0135,答案,dá'àn,jawaban;solusi;个,answer;solution;个,CLEC 新版HSK考试大纲,https://hsk.cn-bj.ufileos.com/3.0/%E6%96%B0%E7%89%88HSK%E8%80%83%E8%AF%95%E5%A4%A7%E7%BA%B21219.pdf,2025-11,2026-08-11
hsk3-4-0136,打败,dǎbài,mengalahkan;menguasai;memukul,to defeat;to overpower;to beat,CLEC 新版HSK考试大纲,https://hsk.cn-bj.ufileos.com/3.0/%E6%96%B0%E7%89%88HSK%E8%80%83%E8%AF%95%E5%A4%A7%E7%BA%B21219.pdf,2025-11,2026-08-11
hsk3-4-0137,打雷,dǎléi,menggelegar dengan guntur;suara guntur,to rumble with thunder;clap of thunder,CLEC 新版HSK考试大纲,https://hsk.cn-bj.ufileos.com/3.0/%E6%96%B0%E7%89%88HSK%E8%80%83%E8%AF%95%E5%A4%A7%E7%BA%B21219.pdf,2025-11,2026-08-11
hsk3-4-0138,打扫,dǎsǎo,membersihkan;menyapu,to clean;to sweep,CLEC 新版HSK考试大纲,https://hsk.cn-bj.ufileos.com/3.0/%E6%96%B0%E7%89%88HSK%E8%80%83%E8%AF%95%E5%A4%A7%E7%BA%B21219.pdf,2025-11,2026-08-11
hsk3-4-0139,打折,dǎzhé,memberikan diskon,to give a discount,CLEC 新版HSK考试大纲,https://hsk.cn-bj.ufileos.com/3.0/%E6%96%B0%E7%89%88HSK%E8%80%83%E8%AF%95%E5%A4%A7%E7%BA%B21219.pdf,2025-11,2026-08-11
hsk3-4-0140,打针,dǎzhēn,memberi atau mendapatkan suntikan,to give or get an injection,CLEC 新版HSK考试大纲,https://hsk.cn-bj.ufileos.com/3.0/%E6%96%B0%E7%89%88HSK%E8%80%83%E8%AF%95%E5%A4%A7%E7%BA%B21219.pdf,2025-11,2026-08-11
hsk3-4-0141,大巴,dàbā,(percakapan) bus besar;bus wisata;(singkatan dari 大型巴士),(coll.) large bus;coach;(abbr. for 大型巴士),CLEC 新版HSK考试大纲,https://hsk.cn-bj.ufileos.com/3.0/%E6%96%B0%E7%89%88HSK%E8%80%83%E8%AF%95%E5%A4%A7%E7%BA%B21219.pdf,2025-11,2026-08-11
hsk3-4-0142,大多,dàduō,sebagian besar;banyak;kebanyakan,for the most part;many;most,CLEC 新版HSK考试大纲,https://hsk.cn-bj.ufileos.com/3.0/%E6%96%B0%E7%89%88HSK%E8%80%83%E8%AF%95%E5%A4%A7%E7%BA%B21219.pdf,2025-11,2026-08-11
hsk3-4-0143,大方,dàfang,murah hati;bermurah hati;bergaya,generous;magnanimous;stylish,CLEC 新版HSK考试大纲,https://hsk.cn-bj.ufileos.com/3.0/%E6%96%B0%E7%89%88HSK%E8%80%83%E8%AF%95%E5%A4%A7%E7%BA%B21219.pdf,2025-11,2026-08-11
hsk3-4-0144,大哥,dàgē,"kakak laki-laki tertua;kakak laki-laki (sapaan sopan untuk pria yang kira-kira seumuran dengan diri sendiri);pemimpin geng, bos","eldest brother;big brother (polite address for a man of about the same age as oneself);gang leader, boss",CLEC 新版HSK考试大纲,https://hsk.cn-bj.ufileos.com/3.0/%E6%96%B0%E7%89%88HSK%E8%80%83%E8%AF%95%E5%A4%A7%E7%BA%B21219.pdf,2025-11,2026-08-11
hsk3-4-0145,大规模,dà guīmó,skala besar;luas;skala luas,large scale;extensive;wide scale,CLEC 新版HSK考试大纲,https://hsk.cn-bj.ufileos.com/3.0/%E6%96%B0%E7%89%88HSK%E8%80%83%E8%AF%95%E5%A4%A7%E7%BA%B21219.pdf,2025-11,2026-08-11
hsk3-4-0146,大会,dàhuì,majelis umum;rapat umum;konvensi,general assembly;general meeting;convention,CLEC 新版HSK考试大纲,https://hsk.cn-bj.ufileos.com/3.0/%E6%96%B0%E7%89%88HSK%E8%80%83%E8%AF%95%E5%A4%A7%E7%BA%B21219.pdf,2025-11,2026-08-11
hsk3-4-0147,大姐,dàjiě,kakak perempuan tertua;kakak perempuan;kakak perempuan (juga sebutan sopan untuk gadis atau wanita yang sedikit lebih tua dari pembicara),big sister;elder sister;older sister (also polite term of address for a girl or woman slightly older than the speaker),CLEC 新版HSK考试大纲,https://hsk.cn-bj.ufileos.com/3.0/%E6%96%B0%E7%89%88HSK%E8%80%83%E8%AF%95%E5%A4%A7%E7%BA%B21219.pdf,2025-11,2026-08-11
hsk3-4-0148,大楼,dà lóu,"gedung (yang relatif besar, bertingkat);KP:幢,座","building (a relatively large, multistory one)",CLEC 新版HSK考试大纲,https://hsk.cn-bj.ufileos.com/3.0/%E6%96%B0%E7%89%88HSK%E8%80%83%E8%AF%95%E5%A4%A7%E7%BA%B21219.pdf,2025-11,2026-08-11
hsk3-4-0149,大陆,dàlù,"benua, daratan utama;块","continent, mainland;块",CLEC 新版HSK考试大纲,https://hsk.cn-bj.ufileos.com/3.0/%E6%96%B0%E7%89%88HSK%E8%80%83%E8%AF%95%E5%A4%A7%E7%BA%B21219.pdf,2025-11,2026-08-11
hsk3-4-0150,大妈,dàmā,istri kakak laki-laki ayah;bibi (sebutan akrab untuk wanita tua),father's elder brother's wife;aunt (affectionate term for an elderly woman),CLEC 新版HSK考试大纲,https://hsk.cn-bj.ufileos.com/3.0/%E6%96%B0%E7%89%88HSK%E8%80%83%E8%AF%95%E5%A4%A7%E7%BA%B21219.pdf,2025-11,2026-08-11
hsk3-4-0151,大型,dàxíng,besar;skala besar,large;large-scale,CLEC 新版HSK考试大纲,https://hsk.cn-bj.ufileos.com/3.0/%E6%96%B0%E7%89%88HSK%E8%80%83%E8%AF%95%E5%A4%A7%E7%BA%B21219.pdf,2025-11,2026-08-11
hsk3-4-0152,大爷,dàye,"(percakapan) kakak ayah, paman, panggilan hormat untuk pria yang lebih tua",(coll.) father's older brother;uncle;term of respect for older man,CLEC 新版HSK考试大纲,https://hsk.cn-bj.ufileos.com/3.0/%E6%96%B0%E7%89%88HSK%E8%80%83%E8%AF%95%E5%A4%A7%E7%BA%B21219.pdf,2025-11,2026-08-11
hsk3-4-0153,大众,dàzhòng,"massa;mayoritas populasi;populer (musik, sains, dll)","the masses;the great bulk of the population;popular (of music, science etc)",CLEC 新版HSK考试大纲,https://hsk.cn-bj.ufileos.com/3.0/%E6%96%B0%E7%89%88HSK%E8%80%83%E8%AF%95%E5%A4%A7%E7%BA%B21219.pdf,2025-11,2026-08-11
hsk3-4-0154,代替,dàitì,"menggantikan, mengambil tempat","to replace, to take the place of",CLEC 新版HSK考试大纲,https://hsk.cn-bj.ufileos.com/3.0/%E6%96%B0%E7%89%88HSK%E8%80%83%E8%AF%95%E5%A4%A7%E7%BA%B21219.pdf,2025-11,2026-08-11
hsk3-4-0155,待遇,dàiyù,perlakuan;gaji;upah,treatment;pay;salary,CLEC 新版HSK考试大纲,https://hsk.cn-bj.ufileos.com/3.0/%E6%96%B0%E7%89%88HSK%E8%80%83%E8%AF%95%E5%A4%A7%E7%BA%B21219.pdf,2025-11,2026-08-11
hsk3-4-0156,袋,dài,kantong;tas;karung,pouch;bag;sack,CLEC 新版HSK考试大纲,https://hsk.cn-bj.ufileos.com/3.0/%E6%96%B0%E7%89%88HSK%E8%80%83%E8%AF%95%E5%A4%A7%E7%BA%B21219.pdf,2025-11,2026-08-11
hsk3-4-0157,戴,dài,"memakai (kacamata, topi, sarung tangan, dll.);menghormati;menanggung","to put on or wear (glasses, hat, gloves etc);to respect;to bear",CLEC 新版HSK考试大纲,https://hsk.cn-bj.ufileos.com/3.0/%E6%96%B0%E7%89%88HSK%E8%80%83%E8%AF%95%E5%A4%A7%E7%BA%B21219.pdf,2025-11,2026-08-11
hsk3-4-0158,担保,dānbǎo,menjamin;memberikan jaminan,to guarantee;to vouch for,CLEC 新版HSK考试大纲,https://hsk.cn-bj.ufileos.com/3.0/%E6%96%B0%E7%89%88HSK%E8%80%83%E8%AF%95%E5%A4%A7%E7%BA%B21219.pdf,2025-11,2026-08-11
hsk3-4-0159,担任,dānrèn,memegang jabatan atau posisi pemerintah;mengambil alih jabatan;bertanggung jawab atas,to hold a governmental office or post;to assume office of;to take charge of,CLEC 新版HSK考试大纲,https://hsk.cn-bj.ufileos.com/3.0/%E6%96%B0%E7%89%88HSK%E8%80%83%E8%AF%95%E5%A4%A7%E7%BA%B21219.pdf,2025-11,2026-08-11
hsk3-4-0160,担心,dānxīn,cemas;khawatir;gelisah,anxious;worried;uneasy,CLEC 新版HSK考试大纲,https://hsk.cn-bj.ufileos.com/3.0/%E6%96%B0%E7%89%88HSK%E8%80%83%E8%AF%95%E5%A4%A7%E7%BA%B21219.pdf,2025-11,2026-08-11
hsk3-4-0161,单,dān,tagihan;daftar;formulir,bill;list;form,CLEC 新版HSK考试大纲,https://hsk.cn-bj.ufileos.com/3.0/%E6%96%B0%E7%89%88HSK%E8%80%83%E8%AF%95%E5%A4%A7%E7%BA%B21219.pdf,2025-11,2026-08-11
hsk3-4-0162,单纯,dānchún,sederhana;murni;tidak canggih,simple;pure;unsophisticated,CLEC 新版HSK考试大纲,https://hsk.cn-bj.ufileos.com/3.0/%E6%96%B0%E7%89%88HSK%E8%80%83%E8%AF%95%E5%A4%A7%E7%BA%B21219.pdf,2025-11,2026-08-11
hsk3-4-0163,单调,dāndiào,monoton,monotonous,CLEC 新版HSK考试大纲,https://hsk.cn-bj.ufileos.com/3.0/%E6%96%B0%E7%89%88HSK%E8%80%83%E8%AF%95%E5%A4%A7%E7%BA%B21219.pdf,2025-11,2026-08-11
hsk3-4-0164,单独,dāndú,sendirian;oleh diri sendiri;dengan kekuatan sendiri,alone;by oneself;on one's own,CLEC 新版HSK考试大纲,https://hsk.cn-bj.ufileos.com/3.0/%E6%96%B0%E7%89%88HSK%E8%80%83%E8%AF%95%E5%A4%A7%E7%BA%B21219.pdf,2025-11,2026-08-11
hsk3-4-0165,淡,dàn,hambar;encer;lemah,insipid;diluted;weak,CLEC 新版HSK考试大纲,https://hsk.cn-bj.ufileos.com/3.0/%E6%96%B0%E7%89%88HSK%E8%80%83%E8%AF%95%E5%A4%A7%E7%BA%B21219.pdf,2025-11,2026-08-11
hsk3-4-0166,导游,dǎoyóu,pemandu wisata;buku panduan;memandu tur,tour guide;guidebook;to conduct a tour,CLEC 新版HSK考试大纲,https://hsk.cn-bj.ufileos.com/3.0/%E6%96%B0%E7%89%88HSK%E8%80%83%E8%AF%95%E5%A4%A7%E7%BA%B21219.pdf,2025-11,2026-08-11
hsk3-4-0167,导致,dǎozhì,"menyebabkan, menciptakan, menimbulkan, menghasilkan","to lead to, to create, to cause, to bring about",CLEC 新版HSK考试大纲,https://hsk.cn-bj.ufileos.com/3.0/%E6%96%B0%E7%89%88HSK%E8%80%83%E8%AF%95%E5%A4%A7%E7%BA%B21219.pdf,2025-11,2026-08-11
hsk3-4-0168,倒闭,dǎobì,bangkrut;tutup,to go bankrupt;to close down,CLEC 新版HSK考试大纲,https://hsk.cn-bj.ufileos.com/3.0/%E6%96%B0%E7%89%88HSK%E8%80%83%E8%AF%95%E5%A4%A7%E7%BA%B21219.pdf,2025-11,2026-08-11
hsk3-4-0169,倒车,dǎochē,"berganti bus, kereta api, dll.","to change buses, trains etc",CLEC 新版HSK考试大纲,https://hsk.cn-bj.ufileos.com/3.0/%E6%96%B0%E7%89%88HSK%E8%80%83%E8%AF%95%E5%A4%A7%E7%BA%B21219.pdf,2025-11,2026-08-11
hsk3-4-0170,倒车,dàochē,memundurkan (kendaraan);mengemudi mundur,to reverse (a vehicle);to drive backwards,CLEC 新版HSK考试大纲,https://hsk.cn-bj.ufileos.com/3.0/%E6%96%B0%E7%89%88HSK%E8%80%83%E8%AF%95%E5%A4%A7%E7%BA%B21219.pdf,2025-11,2026-08-11
hsk3-4-0171,得意,déyì,bangga pada diri sendiri;senang pada diri sendiri;puas diri,proud of oneself;pleased with oneself;complacent,CLEC 新版HSK考试大纲,https://hsk.cn-bj.ufileos.com/3.0/%E6%96%B0%E7%89%88HSK%E8%80%83%E8%AF%95%E5%A4%A7%E7%BA%B21219.pdf,2025-11,2026-08-11
hsk3-4-0172,得,děi,harus;mesti;seharusnya,to have to;must;ought to,CLEC 新版HSK考试大纲,https://hsk.cn-bj.ufileos.com/3.0/%E6%96%B0%E7%89%88HSK%E8%80%83%E8%AF%95%E5%A4%A7%E7%BA%B21219.pdf,2025-11,2026-08-11
hsk3-4-0173,灯光,dēngguāng,pencahayaan (panggung);cahaya,(stage) lighting;light,CLEC 新版HSK考试大纲,https://hsk.cn-bj.ufileos.com/3.0/%E6%96%B0%E7%89%88HSK%E8%80%83%E8%AF%95%E5%A4%A7%E7%BA%B21219.pdf,2025-11,2026-08-11
hsk3-4-0174,登,dēng,memanjat (ketinggian);mendaki;naik,to scale (a height);to ascend;to mount,CLEC 新版HSK考试大纲,https://hsk.cn-bj.ufileos.com/3.0/%E6%96%B0%E7%89%88HSK%E8%80%83%E8%AF%95%E5%A4%A7%E7%BA%B21219.pdf,2025-11,2026-08-11
hsk3-4-0175,登记,dēngjì,mendaftar (nama),to register (one's name),CLEC 新版HSK考试大纲,https://hsk.cn-bj.ufileos.com/3.0/%E6%96%B0%E7%89%88HSK%E8%80%83%E8%AF%95%E5%A4%A7%E7%BA%B21219.pdf,2025-11,2026-08-11
hsk3-4-0176,登录,dēnglù,mendaftar;masuk,to register;to log in,CLEC 新版HSK考试大纲,https://hsk.cn-bj.ufileos.com/3.0/%E6%96%B0%E7%89%88HSK%E8%80%83%E8%AF%95%E5%A4%A7%E7%BA%B21219.pdf,2025-11,2026-08-11
hsk3-4-0177,登山,dēngshān,mendaki gunung;pendakian;gunung,to climb a mountain;climbing;mountaineering,CLEC 新版HSK考试大纲,https://hsk.cn-bj.ufileos.com/3.0/%E6%96%B0%E7%89%88HSK%E8%80%83%E8%AF%95%E5%A4%A7%E7%BA%B21219.pdf,2025-11,2026-08-11
hsk3-4-0178,的确,díquè,sungguh;memang,really;indeed,CLEC 新版HSK考试大纲,https://hsk.cn-bj.ufileos.com/3.0/%E6%96%B0%E7%89%88HSK%E8%80%83%E8%AF%95%E5%A4%A7%E7%BA%B21219.pdf,2025-11,2026-08-11
hsk3-4-0179,敌人,dírén,"musuh, 个",enemy;个,CLEC 新版HSK考试大纲,https://hsk.cn-bj.ufileos.com/3.0/%E6%96%B0%E7%89%88HSK%E8%80%83%E8%AF%95%E5%A4%A7%E7%BA%B21219.pdf,2025-11,2026-08-11
hsk3-4-0180,底,dǐ,"bawah, dasar;latar belakang, fondasi;salinan (manuskrip atau kuitansi, dll.) disimpan sebagai catatan","bottom, base;background, foundation;copy (of a manuscript or receipt etc) kept as a record",CLEC 新版HSK考试大纲,https://hsk.cn-bj.ufileos.com/3.0/%E6%96%B0%E7%89%88HSK%E8%80%83%E8%AF%95%E5%A4%A7%E7%BA%B21219.pdf,2025-11,2026-08-11
hsk3-4-0181,地方,dìfāng,wilayah;regional (jauh dari administrasi pusat);lokal,region;regional (away from the central administration);local,CLEC 新版HSK考试大纲,https://hsk.cn-bj.ufileos.com/3.0/%E6%96%B0%E7%89%88HSK%E8%80%83%E8%AF%95%E5%A4%A7%E7%BA%B21219.pdf,2025-11,2026-08-11
hsk3-4-0182,地面,dìmiàn,lantai;tanah;permukaan,floor;ground;surface,CLEC 新版HSK考试大纲,https://hsk.cn-bj.ufileos.com/3.0/%E6%96%B0%E7%89%88HSK%E8%80%83%E8%AF%95%E5%A4%A7%E7%BA%B21219.pdf,2025-11,2026-08-11
hsk3-4-0183,地位,dìwèi,posisi;status;tempat,position;status;place,CLEC 新版HSK考试大纲,https://hsk.cn-bj.ufileos.com/3.0/%E6%96%B0%E7%89%88HSK%E8%80%83%E8%AF%95%E5%A4%A7%E7%BA%B21219.pdf,2025-11,2026-08-11
hsk3-4-0184,地下,dìxià,bawah tanah;subterranean;rahasia,underground;subterranean;covert,CLEC 新版HSK考试大纲,https://hsk.cn-bj.ufileos.com/3.0/%E6%96%B0%E7%89%88HSK%E8%80%83%E8%AF%95%E5%A4%A7%E7%BA%B21219.pdf,2025-11,2026-08-11
hsk3-4-0185,地址,dìzhǐ,alamat;个,address;个,CLEC 新版HSK考试大纲,https://hsk.cn-bj.ufileos.com/3.0/%E6%96%B0%E7%89%88HSK%E8%80%83%E8%AF%95%E5%A4%A7%E7%BA%B21219.pdf,2025-11,2026-08-11
hsk3-4-0186,典型,diǎnxíng,model;kasus tipikal;arketipe,model;typical case;archetype,CLEC 新版HSK考试大纲,https://hsk.cn-bj.ufileos.com/3.0/%E6%96%B0%E7%89%88HSK%E8%80%83%E8%AF%95%E5%A4%A7%E7%BA%B21219.pdf,2025-11,2026-08-11
hsk3-4-0187,点名,diǎnmíng,apel;menyebutkan nama seseorang;(memanggil atau memuji atau mengkritik seseorang) dengan menyebut nama,roll call;to mention sb by name;(to call or praise or criticize sb) by name,CLEC 新版HSK考试大纲,https://hsk.cn-bj.ufileos.com/3.0/%E6%96%B0%E7%89%88HSK%E8%80%83%E8%AF%95%E5%A4%A7%E7%BA%B21219.pdf,2025-11,2026-08-11
hsk3-4-0188,电灯,diàndēng,lampu listrik;盏,electric light;盏,CLEC 新版HSK考试大纲,https://hsk.cn-bj.ufileos.com/3.0/%E6%96%B0%E7%89%88HSK%E8%80%83%E8%AF%95%E5%A4%A7%E7%BA%B21219.pdf,2025-11,2026-08-11
hsk3-4-0189,电动车,diàndòngchē,"kendaraan listrik (umumnya mengacu pada sepeda listrik, skuter, atau mobil listrik)","electric vehicle (commonly refers to e-bikes, scooters or electric cars)",CLEC 新版HSK考试大纲,https://hsk.cn-bj.ufileos.com/3.0/%E6%96%B0%E7%89%88HSK%E8%80%83%E8%AF%95%E5%A4%A7%E7%BA%B21219.pdf,2025-11,2026-08-11
hsk3-4-0190,电梯,diàntī,"lift, eskalator;台,部","elevator;escalator;台,部",CLEC 新版HSK考试大纲,https://hsk.cn-bj.ufileos.com/3.0/%E6%96%B0%E7%89%88HSK%E8%80%83%E8%AF%95%E5%A4%A7%E7%BA%B21219.pdf,2025-11,2026-08-11
hsk3-4-0191,电源,diànyuán,sumber listrik,electric power source,CLEC 新版HSK考试大纲,https://hsk.cn-bj.ufileos.com/3.0/%E6%96%B0%E7%89%88HSK%E8%80%83%E8%AF%95%E5%A4%A7%E7%BA%B21219.pdf,2025-11,2026-08-11
hsk3-4-0192,顶,dǐng,puncak;ubun-ubun;atas,apex;crown of the head;top,CLEC 新版HSK考试大纲,https://hsk.cn-bj.ufileos.com/3.0/%E6%96%B0%E7%89%88HSK%E8%80%83%E8%AF%95%E5%A4%A7%E7%BA%B21219.pdf,2025-11,2026-08-11
hsk3-4-0193,定,dìng,"memperbaiki, menetapkan, membuat pasti;berlangganan (koran dll), memesan (tiket dll), memesan (barang dll);membeku, menggumpal","to fix, to set, to make definite;to subscribe to (a newspaper etc), to book (tickets etc), to order (goods etc);to congeal, to coagulate",CLEC 新版HSK考试大纲,https://hsk.cn-bj.ufileos.com/3.0/%E6%96%B0%E7%89%88HSK%E8%80%83%E8%AF%95%E5%A4%A7%E7%BA%B21219.pdf,2025-11,2026-08-11
hsk3-4-0194,冬季,dōngjì,musim dingin,winter,CLEC 新版HSK考试大纲,https://hsk.cn-bj.ufileos.com/3.0/%E6%96%B0%E7%89%88HSK%E8%80%83%E8%AF%95%E5%A4%A7%E7%BA%B21219.pdf,2025-11,2026-08-11
hsk3-4-0195,动画片,dònghuàpiàn,film animasi,animated film,CLEC 新版HSK考试大纲,https://hsk.cn-bj.ufileos.com/3.0/%E6%96%B0%E7%89%88HSK%E8%80%83%E8%AF%95%E5%A4%A7%E7%BA%B21219.pdf,2025-11,2026-08-11
hsk3-4-0196,动摇,dòngyáo,bergoyang;bimbang;menggoyangkan,to sway;to waver;to rock,CLEC 新版HSK考试大纲,https://hsk.cn-bj.ufileos.com/3.0/%E6%96%B0%E7%89%88HSK%E8%80%83%E8%AF%95%E5%A4%A7%E7%BA%B21219.pdf,2025-11,2026-08-11
hsk3-4-0197,豆腐,dòufu,tahu;kembang tahu,tofu;bean curd,CLEC 新版HSK考试大纲,https://hsk.cn-bj.ufileos.com/3.0/%E6%96%B0%E7%89%88HSK%E8%80%83%E8%AF%95%E5%A4%A7%E7%BA%B21219.pdf,2025-11,2026-08-11
hsk3-4-0198,独立,dúlì,mandiri;kemerdekaan;berdiri sendiri,independent;independence;to stand alone,CLEC 新版HSK考试大纲,https://hsk.cn-bj.ufileos.com/3.0/%E6%96%B0%E7%89%88HSK%E8%80%83%E8%AF%95%E5%A4%A7%E7%BA%B21219.pdf,2025-11,2026-08-11
hsk3-4-0199,独特,dútè,"unik, khas","unique, distinctive",CLEC 新版HSK考试大纲,https://hsk.cn-bj.ufileos.com/3.0/%E6%96%B0%E7%89%88HSK%E8%80%83%E8%AF%95%E5%A4%A7%E7%BA%B21219.pdf,2025-11,2026-08-11
hsk3-4-0200,独自,dúzì,sendirian,alone,CLEC 新版HSK考试大纲,https://hsk.cn-bj.ufileos.com/3.0/%E6%96%B0%E7%89%88HSK%E8%80%83%E8%AF%95%E5%A4%A7%E7%BA%B21219.pdf,2025-11,2026-08-11
hsk3-4-0201,堵,dǔ,"menutupi (jalan, pipa dll), menutup (lubang), (kiasan) (tentang seseorang) sesak karena kecemasan atau stres, dinding (sastra), (penggolong untuk dinding)","to block up (a road, pipe etc);to stop up (a hole);(fig.) (of a person) choked up with anxiety or stress",CLEC 新版HSK考试大纲,https://hsk.cn-bj.ufileos.com/3.0/%E6%96%B0%E7%89%88HSK%E8%80%83%E8%AF%95%E5%A4%A7%E7%BA%B21219.pdf,2025-11,2026-08-11
hsk3-4-0202,堵车,dǔchē,"kemacetan lalu lintas, (lalu lintas) macet",traffic jam;(of traffic) to get congested,CLEC 新版HSK考试大纲,https://hsk.cn-bj.ufileos.com/3.0/%E6%96%B0%E7%89%88HSK%E8%80%83%E8%AF%95%E5%A4%A7%E7%BA%B21219.pdf,2025-11,2026-08-11
hsk3-4-0203,肚子,dùzi,perut;abdomen;lambung,belly;abdomen;stomach,CLEC 新版HSK考试大纲,https://hsk.cn-bj.ufileos.com/3.0/%E6%96%B0%E7%89%88HSK%E8%80%83%E8%AF%95%E5%A4%A7%E7%BA%B21219.pdf,2025-11,2026-08-11
hsk3-4-0204,度过,dùguò,melewati;menghabiskan (waktu);bertahan hidup,to pass;to spend (time);to survive,CLEC 新版HSK考试大纲,https://hsk.cn-bj.ufileos.com/3.0/%E6%96%B0%E7%89%88HSK%E8%80%83%E8%AF%95%E5%A4%A7%E7%BA%B21219.pdf,2025-11,2026-08-11
hsk3-4-0205,锻炼,duànliàn,menguatkan;menempa;berolahraga,to toughen;to temper;to engage in physical exercise,CLEC 新版HSK考试大纲,https://hsk.cn-bj.ufileos.com/3.0/%E6%96%B0%E7%89%88HSK%E8%80%83%E8%AF%95%E5%A4%A7%E7%BA%B21219.pdf,2025-11,2026-08-11
hsk3-4-0206,对比,duìbǐ,membandingkan;kontras;rasio,to contrast;contrast;ratio,CLEC 新版HSK考试大纲,https://hsk.cn-bj.ufileos.com/3.0/%E6%96%B0%E7%89%88HSK%E8%80%83%E8%AF%95%E5%A4%A7%E7%BA%B21219.pdf,2025-11,2026-08-11
hsk3-4-0207,对付,duìfu,"menangani, menghadapi, mengatasi;mengatasinya dengan, beradaptasi;(dialek) (biasanya digunakan dalam bentuk negatif) bergaul dengan (seseorang)","to handle, to deal with, to tackle;to get by with, to make do;(dialect) (usu. used in the negative) to get along with (sb)",CLEC 新版HSK考试大纲,https://hsk.cn-bj.ufileos.com/3.0/%E6%96%B0%E7%89%88HSK%E8%80%83%E8%AF%95%E5%A4%A7%E7%BA%B21219.pdf,2025-11,2026-08-11
hsk3-4-0208,对于,duìyú,"mengenai, sejauh menyangkut (sesuatu), berkenaan dengan","regarding, as far as (sth) is concerned, with regard to",CLEC 新版HSK考试大纲,https://hsk.cn-bj.ufileos.com/3.0/%E6%96%B0%E7%89%88HSK%E8%80%83%E8%AF%95%E5%A4%A7%E7%BA%B21219.pdf,2025-11,2026-08-11
hsk3-4-0209,多次,duō cì,berkali-kali;berulang kali,many times;repeatedly,CLEC 新版HSK考试大纲,https://hsk.cn-bj.ufileos.com/3.0/%E6%96%B0%E7%89%88HSK%E8%80%83%E8%AF%95%E5%A4%A7%E7%BA%B21219.pdf,2025-11,2026-08-11
hsk3-4-0210,多年,duō nián,bertahun-tahun;sudah lama,many years;for many years;longstanding,CLEC 新版HSK考试大纲,https://hsk.cn-bj.ufileos.com/3.0/%E6%96%B0%E7%89%88HSK%E8%80%83%E8%AF%95%E5%A4%A7%E7%BA%B21219.pdf,2025-11,2026-08-11
hsk3-4-0211,多样,duōyàng,beragam;keragaman;beraneka ragam,diverse;diversity;manifold,CLEC 新版HSK考试大纲,https://hsk.cn-bj.ufileos.com/3.0/%E6%96%B0%E7%89%88HSK%E8%80%83%E8%AF%95%E5%A4%A7%E7%BA%B21219.pdf,2025-11,2026-08-11
hsk3-4-0212,多种,duō zhǒng,"berbagai macam, jamak, beragam, multi-","many kinds of, multiple, diverse, multi-",CLEC 新版HSK考试大纲,https://hsk.cn-bj.ufileos.com/3.0/%E6%96%B0%E7%89%88HSK%E8%80%83%E8%AF%95%E5%A4%A7%E7%BA%B21219.pdf,2025-11,2026-08-11
hsk3-4-0213,恶心,ěxin,mual;merasa sakit;jijik,nausea;to feel sick;disgust,CLEC 新版HSK考试大纲,https://hsk.cn-bj.ufileos.com/3.0/%E6%96%B0%E7%89%88HSK%E8%80%83%E8%AF%95%E5%A4%A7%E7%BA%B21219.pdf,2025-11,2026-08-11
hsk3-4-0214,儿童,értóng,anak-anak,child,CLEC 新版HSK考试大纲,https://hsk.cn-bj.ufileos.com/3.0/%E6%96%B0%E7%89%88HSK%E8%80%83%E8%AF%95%E5%A4%A7%E7%BA%B21219.pdf,2025-11,2026-08-11
hsk3-4-0215,而,ér,dan;serta;dan begitu,and;as well as;and so,CLEC 新版HSK考试大纲,https://hsk.cn-bj.ufileos.com/3.0/%E6%96%B0%E7%89%88HSK%E8%80%83%E8%AF%95%E5%A4%A7%E7%BA%B21219.pdf,2025-11,2026-08-11
hsk3-4-0216,而是,ér shì,melainkan,rather,CLEC 新版HSK考试大纲,https://hsk.cn-bj.ufileos.com/3.0/%E6%96%B0%E7%89%88HSK%E8%80%83%E8%AF%95%E5%A4%A7%E7%BA%B21219.pdf,2025-11,2026-08-11
hsk3-4-0217,耳机,ěrjī,headphone;earphone;receiver telepon,headphones;earphones;telephone receiver,CLEC 新版HSK考试大纲,https://hsk.cn-bj.ufileos.com/3.0/%E6%96%B0%E7%89%88HSK%E8%80%83%E8%AF%95%E5%A4%A7%E7%BA%B21219.pdf,2025-11,2026-08-11
hsk3-4-0218,二手,èrshǒu,"diperoleh secara tidak langsung;bekas (informasi, peralatan, dll);asisten","indirectly acquired;second-hand (information, equipment etc);assistant",CLEC 新版HSK考试大纲,https://hsk.cn-bj.ufileos.com/3.0/%E6%96%B0%E7%89%88HSK%E8%80%83%E8%AF%95%E5%A4%A7%E7%BA%B21219.pdf,2025-11,2026-08-11
hsk3-4-0219,发挥,fāhuī,menampilkan;menunjukkan;mengeluarkan kualitas tersembunyi atau bawaan,to display;to exhibit;to bring out implicit or innate qualities,CLEC 新版HSK考试大纲,https://hsk.cn-bj.ufileos.com/3.0/%E6%96%B0%E7%89%88HSK%E8%80%83%E8%AF%95%E5%A4%A7%E7%BA%B21219.pdf,2025-11,2026-08-11
hsk3-4-0220,发票,fāpiào,"faktur, kuitansi, tagihan;faktur seragam (singkatan dari 统一发票)","invoice, receipt, bill;uniform invoice (abbr. for 统一发票)",CLEC 新版HSK考试大纲,https://hsk.cn-bj.ufileos.com/3.0/%E6%96%B0%E7%89%88HSK%E8%80%83%E8%AF%95%E5%A4%A7%E7%BA%B21219.pdf,2025-11,2026-08-11
hsk3-4-0221,发烧,fāshāo,"mengalami suhu tinggi (karena sakit), demam;(kiasan) terpesona dengan, terobsesi dengan;(kiasan) berkembang, tumbuh subur, populer","to have a high temperature (from illness), to have a fever;(fig.) to be fascinated with, to obsess over;(fig.) flourishing, thriving, popular",CLEC 新版HSK考试大纲,https://hsk.cn-bj.ufileos.com/3.0/%E6%96%B0%E7%89%88HSK%E8%80%83%E8%AF%95%E5%A4%A7%E7%BA%B21219.pdf,2025-11,2026-08-11
hsk3-4-0222,法,fǎ,hukum;metode;cara,law;method;way,CLEC 新版HSK考试大纲,https://hsk.cn-bj.ufileos.com/3.0/%E6%96%B0%E7%89%88HSK%E8%80%83%E8%AF%95%E5%A4%A7%E7%BA%B21219.pdf,2025-11,2026-08-11
hsk3-4-0223,法官,fǎguān,hakim (di pengadilan),judge (in court),CLEC 新版HSK考试大纲,https://hsk.cn-bj.ufileos.com/3.0/%E6%96%B0%E7%89%88HSK%E8%80%83%E8%AF%95%E5%A4%A7%E7%BA%B21219.pdf,2025-11,2026-08-11
hsk3-4-0224,法律,fǎlǜ,"hukum;条, 套, 个","law;条, 套, 个",CLEC 新版HSK考试大纲,https://hsk.cn-bj.ufileos.com/3.0/%E6%96%B0%E7%89%88HSK%E8%80%83%E8%AF%95%E5%A4%A7%E7%BA%B21219.pdf,2025-11,2026-08-11
hsk3-4-0225,法院,fǎyuàn,pengadilan negeri;pengadilan,court of law;court,CLEC 新版HSK考试大纲,https://hsk.cn-bj.ufileos.com/3.0/%E6%96%B0%E7%89%88HSK%E8%80%83%E8%AF%95%E5%A4%A7%E7%BA%B21219.pdf,2025-11,2026-08-11
hsk3-4-0226,翻,fān,membalik;membolak-balik;menggulingkan,to turn over;to flip over;to overturn,CLEC 新版HSK考试大纲,https://hsk.cn-bj.ufileos.com/3.0/%E6%96%B0%E7%89%88HSK%E8%80%83%E8%AF%95%E5%A4%A7%E7%BA%B21219.pdf,2025-11,2026-08-11
hsk3-4-0227,翻译,fānyì,menerjemahkan;menafsirkan;penerjemah,to translate;to interpret;translator,CLEC 新版HSK考试大纲,https://hsk.cn-bj.ufileos.com/3.0/%E6%96%B0%E7%89%88HSK%E8%80%83%E8%AF%95%E5%A4%A7%E7%BA%B21219.pdf,2025-11,2026-08-11
hsk3-4-0228,烦,fán,merasa kesal;mengganggu;merepotkan,to feel vexed;to bother;to trouble,CLEC 新版HSK考试大纲,https://hsk.cn-bj.ufileos.com/3.0/%E6%96%B0%E7%89%88HSK%E8%80%83%E8%AF%95%E5%A4%A7%E7%BA%B21219.pdf,2025-11,2026-08-11
hsk3-4-0229,反,fǎn,bertentangan;terbalik;dari dalam ke luar atau terbalik,contrary;in reverse;inside out or upside down,CLEC 新版HSK考试大纲,https://hsk.cn-bj.ufileos.com/3.0/%E6%96%B0%E7%89%88HSK%E8%80%83%E8%AF%95%E5%A4%A7%E7%BA%B21219.pdf,2025-11,2026-08-11
hsk3-4-0230,反而,fǎn'ér,"sebaliknya, alih-alih","on the contrary, instead",CLEC 新版HSK考试大纲,https://hsk.cn-bj.ufileos.com/3.0/%E6%96%B0%E7%89%88HSK%E8%80%83%E8%AF%95%E5%A4%A7%E7%BA%B21219.pdf,2025-11,2026-08-11
hsk3-4-0231,反映,fǎnyìng,mencerminkan;memantulkan;bayangan cermin,to mirror;to reflect;mirror image,CLEC 新版HSK考试大纲,https://hsk.cn-bj.ufileos.com/3.0/%E6%96%B0%E7%89%88HSK%E8%80%83%E8%AF%95%E5%A4%A7%E7%BA%B21219.pdf,2025-11,2026-08-11
hsk3-4-0232,方,fāng,persegi;pangkat atau invers (matematika);tegak,square;power or involution (math.);upright,CLEC 新版HSK考试大纲,https://hsk.cn-bj.ufileos.com/3.0/%E6%96%B0%E7%89%88HSK%E8%80%83%E8%AF%95%E5%A4%A7%E7%BA%B21219.pdf,2025-11,2026-08-11
hsk3-4-0233,方案,fāng'àn,rencana;program (untuk tindakan dll);proposal,plan;program (for action etc);proposal,CLEC 新版HSK考试大纲,https://hsk.cn-bj.ufileos.com/3.0/%E6%96%B0%E7%89%88HSK%E8%80%83%E8%AF%95%E5%A4%A7%E7%BA%B21219.pdf,2025-11,2026-08-11
hsk3-4-0234,方针,fāngzhēn,kebijakan;pedoman;个,policy;guidelines;个,CLEC 新版HSK考试大纲,https://hsk.cn-bj.ufileos.com/3.0/%E6%96%B0%E7%89%88HSK%E8%80%83%E8%AF%95%E5%A4%A7%E7%BA%B21219.pdf,2025-11,2026-08-11
hsk3-4-0235,放松,fàngsōng,"bersantai, mengendurkan, melonggarkan","to relax, to slacken, to loosen",CLEC 新版HSK考试大纲,https://hsk.cn-bj.ufileos.com/3.0/%E6%96%B0%E7%89%88HSK%E8%80%83%E8%AF%95%E5%A4%A7%E7%BA%B21219.pdf,2025-11,2026-08-11
hsk3-4-0236,非,fēi,"bukan, tidak;salah, keliru;non-, tidak-","to not be, not;wrong, incorrect;non-, un-, in-, de-",CLEC 新版HSK考试大纲,https://hsk.cn-bj.ufileos.com/3.0/%E6%96%B0%E7%89%88HSK%E8%80%83%E8%AF%95%E5%A4%A7%E7%BA%B21219.pdf,2025-11,2026-08-11
hsk3-4-0237,肥,féi,gemuk;subur;longgar atau besar,fat;fertile;loose-fitting or large,CLEC 新版HSK考试大纲,https://hsk.cn-bj.ufileos.com/3.0/%E6%96%B0%E7%89%88HSK%E8%80%83%E8%AF%95%E5%A4%A7%E7%BA%B21219.pdf,2025-11,2026-08-11
hsk3-4-0238,分布,fēnbù,"menyebarkan;mendistribusikan;didistribusikan (di suatu area, dll)",to scatter;to distribute;to be distributed (over an area etc),CLEC 新版HSK考试大纲,https://hsk.cn-bj.ufileos.com/3.0/%E6%96%B0%E7%89%88HSK%E8%80%83%E8%AF%95%E5%A4%A7%E7%BA%B21219.pdf,2025-11,2026-08-11
hsk3-4-0239,分散,fēnsàn,menyebar;membubarkan;mendistribusikan,to scatter;to disperse;to distribute,CLEC 新版HSK考试大纲,https://hsk.cn-bj.ufileos.com/3.0/%E6%96%B0%E7%89%88HSK%E8%80%83%E8%AF%95%E5%A4%A7%E7%BA%B21219.pdf,2025-11,2026-08-11
hsk3-4-0240,分手,fēnshǒu,berpisah;putus;mengakhiri hubungan,to part company;to split up;to break up,CLEC 新版HSK考试大纲,https://hsk.cn-bj.ufileos.com/3.0/%E6%96%B0%E7%89%88HSK%E8%80%83%E8%AF%95%E5%A4%A7%E7%BA%B21219.pdf,2025-11,2026-08-11
hsk3-4-0241,分为,fēnwéi,"untuk membagi sesuatu menjadi (bagian), untuk membagi lagi","to divide sth into (parts), to subdivide",CLEC 新版HSK考试大纲,https://hsk.cn-bj.ufileos.com/3.0/%E6%96%B0%E7%89%88HSK%E8%80%83%E8%AF%95%E5%A4%A7%E7%BA%B21219.pdf,2025-11,2026-08-11
hsk3-4-0242,…分之…,…fēn zhī…,(menunjukkan pecahan),(indicating a fraction),CLEC 新版HSK考试大纲,https://hsk.cn-bj.ufileos.com/3.0/%E6%96%B0%E7%89%88HSK%E8%80%83%E8%AF%95%E5%A4%A7%E7%BA%B21219.pdf,2025-11,2026-08-11
hsk3-4-0243,纷纷,fēnfēn,satu demi satu;berturut-turut;terus menerus,one after another;in succession;one by one,CLEC 新版HSK考试大纲,https://hsk.cn-bj.ufileos.com/3.0/%E6%96%B0%E7%89%88HSK%E8%80%83%E8%AF%95%E5%A4%A7%E7%BA%B21219.pdf,2025-11,2026-08-11
hsk3-4-0244,奋斗,fèndòu,"berjuang, bergulat","to strive, to struggle",CLEC 新版HSK考试大纲,https://hsk.cn-bj.ufileos.com/3.0/%E6%96%B0%E7%89%88HSK%E8%80%83%E8%AF%95%E5%A4%A7%E7%BA%B21219.pdf,2025-11,2026-08-11
hsk3-4-0245,风格,fēnggé,gaya,style,CLEC 新版HSK考试大纲,https://hsk.cn-bj.ufileos.com/3.0/%E6%96%B0%E7%89%88HSK%E8%80%83%E8%AF%95%E5%A4%A7%E7%BA%B21219.pdf,2025-11,2026-08-11
hsk3-4-0246,风景,fēngjǐng,"pemandangan, lanskap","scenery, landscape",CLEC 新版HSK考试大纲,https://hsk.cn-bj.ufileos.com/3.0/%E6%96%B0%E7%89%88HSK%E8%80%83%E8%AF%95%E5%A4%A7%E7%BA%B21219.pdf,2025-11,2026-08-11
hsk3-4-0247,风俗,fēngsú,adat istiadat;个,social custom;个,CLEC 新版HSK考试大纲,https://hsk.cn-bj.ufileos.com/3.0/%E6%96%B0%E7%89%88HSK%E8%80%83%E8%AF%95%E5%A4%A7%E7%BA%B21219.pdf,2025-11,2026-08-11
hsk3-4-0248,封闭,fēngbì,"menutup, menyegel;menutup (tempat ilegal);tertutup (yaitu terisolasi dari masukan luar)","to close, to seal off;to close down (an illegal venue);closed (i.e. isolated from outside input)",CLEC 新版HSK考试大纲,https://hsk.cn-bj.ufileos.com/3.0/%E6%96%B0%E7%89%88HSK%E8%80%83%E8%AF%95%E5%A4%A7%E7%BA%B21219.pdf,2025-11,2026-08-11
hsk3-4-0249,否则,fǒuzé,"jika tidak, kalau tidak, atau (jika tidak)","otherwise, if not, or (else)",CLEC 新版HSK考试大纲,https://hsk.cn-bj.ufileos.com/3.0/%E6%96%B0%E7%89%88HSK%E8%80%83%E8%AF%95%E5%A4%A7%E7%BA%B21219.pdf,2025-11,2026-08-11
hsk3-4-0250,夫妇,fūfù,sepasang (menikah) suami istri;suami dan istri;对,a (married) couple;husband and wife;对,CLEC 新版HSK考试大纲,https://hsk.cn-bj.ufileos.com/3.0/%E6%96%B0%E7%89%88HSK%E8%80%83%E8%AF%95%E5%A4%A7%E7%BA%B21219.pdf,2025-11,2026-08-11
hsk3-4-0251,夫妻,fūqī,"suami dan istri, pasangan menikah","husband and wife, married couple",CLEC 新版HSK考试大纲,https://hsk.cn-bj.ufileos.com/3.0/%E6%96%B0%E7%89%88HSK%E8%80%83%E8%AF%95%E5%A4%A7%E7%BA%B21219.pdf,2025-11,2026-08-11
hsk3-4-0252,夫人,fūrén,nyonya;ibu;Nyonya.,lady;madam;Mrs.,CLEC 新版HSK考试大纲,https://hsk.cn-bj.ufileos.com/3.0/%E6%96%B0%E7%89%88HSK%E8%80%83%E8%AF%95%E5%A4%A7%E7%BA%B21219.pdf,2025-11,2026-08-11
hsk3-4-0253,符号,fúhào,"simbol, tanda, lambang","symbol, mark, sign",CLEC 新版HSK考试大纲,https://hsk.cn-bj.ufileos.com/3.0/%E6%96%B0%E7%89%88HSK%E8%80%83%E8%AF%95%E5%A4%A7%E7%BA%B21219.pdf,2025-11,2026-08-11
hsk3-4-0254,符合,fúhé,"sesuai dengan, setuju dengan, untuk menyesuaikan diri dengan, memenuhi (persyaratan);(fisika) kebetulan","in accordance with, to agree with, to conform to, to meet (a requirement);(physics) coincidence",CLEC 新版HSK考试大纲,https://hsk.cn-bj.ufileos.com/3.0/%E6%96%B0%E7%89%88HSK%E8%80%83%E8%AF%95%E5%A4%A7%E7%BA%B21219.pdf,2025-11,2026-08-11
hsk3-4-0255,付出,fùchū,"membayar, mengeluarkan, menginvestasikan (energi atau waktu)","to pay, to expend, to invest (energy or time)",CLEC 新版HSK考试大纲,https://hsk.cn-bj.ufileos.com/3.0/%E6%96%B0%E7%89%88HSK%E8%80%83%E8%AF%95%E5%A4%A7%E7%BA%B21219.pdf,2025-11,2026-08-11
hsk3-4-0256,负担,fùdān,"menanggung (biaya, tanggung jawab, dll.);beban","to bear (an expense, a responsibility etc);burden",CLEC 新版HSK考试大纲,https://hsk.cn-bj.ufileos.com/3.0/%E6%96%B0%E7%89%88HSK%E8%80%83%E8%AF%95%E5%A4%A7%E7%BA%B21219.pdf,2025-11,2026-08-11
hsk3-4-0257,附近,fùjìn,"dekat, bertetangga;(di) sekitar (dari), lingkungan","nearby, neighboring;(in the) vicinity (of), neighborhood",CLEC 新版HSK考试大纲,https://hsk.cn-bj.ufileos.com/3.0/%E6%96%B0%E7%89%88HSK%E8%80%83%E8%AF%95%E5%A4%A7%E7%BA%B21219.pdf,2025-11,2026-08-11
hsk3-4-0258,复制,fùzhì,menggandakan;membuat salinan;menyalin,to duplicate;to make a copy of;to copy,CLEC 新版HSK考试大纲,https://hsk.cn-bj.ufileos.com/3.0/%E6%96%B0%E7%89%88HSK%E8%80%83%E8%AF%95%E5%A4%A7%E7%BA%B21219.pdf,2025-11,2026-08-11
hsk3-4-0259,改善,gǎishàn,"membuat lebih baik, memperbaiki","to make better, to improve",CLEC 新版HSK考试大纲,https://hsk.cn-bj.ufileos.com/3.0/%E6%96%B0%E7%89%88HSK%E8%80%83%E8%AF%95%E5%A4%A7%E7%BA%B21219.pdf,2025-11,2026-08-11
hsk3-4-0260,改正,gǎizhèng,memperbaiki;mengamandemen;koreksi,to correct;to amend;to put right,CLEC 新版HSK考试大纲,https://hsk.cn-bj.ufileos.com/3.0/%E6%96%B0%E7%89%88HSK%E8%80%83%E8%AF%95%E5%A4%A7%E7%BA%B21219.pdf,2025-11,2026-08-11
hsk3-4-0261,盖,gài,tutup;atas;penutup,lid;top;cover,CLEC 新版HSK考试大纲,https://hsk.cn-bj.ufileos.com/3.0/%E6%96%B0%E7%89%88HSK%E8%80%83%E8%AF%95%E5%A4%A7%E7%BA%B21219.pdf,2025-11,2026-08-11
hsk3-4-0262,概括,gàikuò,"merangkum, menggeneralisasi;singkatnya, secara garis besar","to summarize, to generalize;briefly, in broad outline",CLEC 新版HSK考试大纲,https://hsk.cn-bj.ufileos.com/3.0/%E6%96%B0%E7%89%88HSK%E8%80%83%E8%AF%95%E5%A4%A7%E7%BA%B21219.pdf,2025-11,2026-08-11
hsk3-4-0263,感兴趣,gǎn xìngqù,tertarik (pada sesuatu),to be interested (in sth),CLEC 新版HSK考试大纲,https://hsk.cn-bj.ufileos.com/3.0/%E6%96%B0%E7%89%88HSK%E8%80%83%E8%AF%95%E5%A4%A7%E7%BA%B21219.pdf,2025-11,2026-08-11
hsk3-4-0264,高潮,gāocháo,"pasang tinggi, air pasang tinggi;gelombang pasang, puncak aktivitas;klimaks (cerita, kompetisi dll)","high tide, high water;upsurge, peak of activity;climax (of a story, a competition etc)",CLEC 新版HSK考试大纲,https://hsk.cn-bj.ufileos.com/3.0/%E6%96%B0%E7%89%88HSK%E8%80%83%E8%AF%95%E5%A4%A7%E7%BA%B21219.pdf,2025-11,2026-08-11
hsk3-4-0265,高价,gāojià,harga tinggi,high price,CLEC 新版HSK考试大纲,https://hsk.cn-bj.ufileos.com/3.0/%E6%96%B0%E7%89%88HSK%E8%80%83%E8%AF%95%E5%A4%A7%E7%BA%B21219.pdf,2025-11,2026-08-11
hsk3-4-0266,高尚,gāoshàng,mulia;tinggi;halus,noble;lofty;refined,CLEC 新版HSK考试大纲,https://hsk.cn-bj.ufileos.com/3.0/%E6%96%B0%E7%89%88HSK%E8%80%83%E8%AF%95%E5%A4%A7%E7%BA%B21219.pdf,2025-11,2026-08-11
hsk3-4-0267,高铁,gāotiě,kereta api berkecepatan tinggi,high speed rail,CLEC 新版HSK考试大纲,https://hsk.cn-bj.ufileos.com/3.0/%E6%96%B0%E7%89%88HSK%E8%80%83%E8%AF%95%E5%A4%A7%E7%BA%B21219.pdf,2025-11,2026-08-11
hsk3-4-0268,格外,géwài,"terutama, khususnya, bahkan lebih dari biasanya;ekstra, tambahan","especially, particularly, even more than usual;extra, additional",CLEC 新版HSK考试大纲,https://hsk.cn-bj.ufileos.com/3.0/%E6%96%B0%E7%89%88HSK%E8%80%83%E8%AF%95%E5%A4%A7%E7%BA%B21219.pdf,2025-11,2026-08-11
hsk3-4-0269,隔,gé,memisahkan;membagi;berada di antara,to separate;to partition;to stand or lie between,CLEC 新版HSK考试大纲,https://hsk.cn-bj.ufileos.com/3.0/%E6%96%B0%E7%89%88HSK%E8%80%83%E8%AF%95%E5%A4%A7%E7%BA%B21219.pdf,2025-11,2026-08-11
hsk3-4-0270,隔开,gékāi,memisahkan,to separate,CLEC 新版HSK考试大纲,https://hsk.cn-bj.ufileos.com/3.0/%E6%96%B0%E7%89%88HSK%E8%80%83%E8%AF%95%E5%A4%A7%E7%BA%B21219.pdf,2025-11,2026-08-11
hsk3-4-0271,个别,gèbié,"secara individu, satu per satu;hanya satu atau dua, luar biasa, langka","individually, one by one;just one or two, exceptional, rare",CLEC 新版HSK考试大纲,https://hsk.cn-bj.ufileos.com/3.0/%E6%96%B0%E7%89%88HSK%E8%80%83%E8%AF%95%E5%A4%A7%E7%BA%B21219.pdf,2025-11,2026-08-11
hsk3-4-0272,个体,gètǐ,"seorang individu;individu wiraswasta, operator usaha kecil (kependekan dari 个体户)","an individual;self-employed individual, small business operator (abbr. for 个体户)",CLEC 新版HSK考试大纲,https://hsk.cn-bj.ufileos.com/3.0/%E6%96%B0%E7%89%88HSK%E8%80%83%E8%AF%95%E5%A4%A7%E7%BA%B21219.pdf,2025-11,2026-08-11
hsk3-4-0273,各个,gègè,"setiap;berbagai;secara terpisah, satu per satu","every;various;separately, one by one",CLEC 新版HSK考试大纲,https://hsk.cn-bj.ufileos.com/3.0/%E6%96%B0%E7%89%88HSK%E8%80%83%E8%AF%95%E5%A4%A7%E7%BA%B21219.pdf,2025-11,2026-08-11
hsk3-4-0274,根,gēn,"akar;dasar;klasifier untuk benda panjang ramping, mis. rokok, senar gitar","root;basis;classifier for long slender objects, e.g. cigarettes, guitar strings",CLEC 新版HSK考试大纲,https://hsk.cn-bj.ufileos.com/3.0/%E6%96%B0%E7%89%88HSK%E8%80%83%E8%AF%95%E5%A4%A7%E7%BA%B21219.pdf,2025-11,2026-08-11
hsk3-4-0275,根据,gēnjù,menurut;berdasarkan;dasar,according to;based on;basis,CLEC 新版HSK考试大纲,https://hsk.cn-bj.ufileos.com/3.0/%E6%96%B0%E7%89%88HSK%E8%80%83%E8%AF%95%E5%A4%A7%E7%BA%B21219.pdf,2025-11,2026-08-11
hsk3-4-0276,工程,gōngchéng,teknik;proyek teknik;proyek,engineering;an engineering project;project,CLEC 新版HSK考试大纲,https://hsk.cn-bj.ufileos.com/3.0/%E6%96%B0%E7%89%88HSK%E8%80%83%E8%AF%95%E5%A4%A7%E7%BA%B21219.pdf,2025-11,2026-08-11
hsk3-4-0277,公元,gōngyuán,M (Masehi);Era Kristen;AD (Anno Domini),CE (Common Era);Christian Era;AD (Anno Domini),CLEC 新版HSK考试大纲,https://hsk.cn-bj.ufileos.com/3.0/%E6%96%B0%E7%89%88HSK%E8%80%83%E8%AF%95%E5%A4%A7%E7%BA%B21219.pdf,2025-11,2026-08-11
hsk3-4-0278,供应,gōngyìng,"memasok, menyediakan (barang, jasa, dll.)","to supply, to provide (goods, services etc)",CLEC 新版HSK考试大纲,https://hsk.cn-bj.ufileos.com/3.0/%E6%96%B0%E7%89%88HSK%E8%80%83%E8%AF%95%E5%A4%A7%E7%BA%B21219.pdf,2025-11,2026-08-11
hsk3-4-0279,共,gòng,umum;generik;berbagi,common;general;to share,CLEC 新版HSK考试大纲,https://hsk.cn-bj.ufileos.com/3.0/%E6%96%B0%E7%89%88HSK%E8%80%83%E8%AF%95%E5%A4%A7%E7%BA%B21219.pdf,2025-11,2026-08-11
hsk3-4-0280,构成,gòuchéng,terdiri dari;membentuk;menyusun,to constitute;to form;to compose,CLEC 新版HSK考试大纲,https://hsk.cn-bj.ufileos.com/3.0/%E6%96%B0%E7%89%88HSK%E8%80%83%E8%AF%95%E5%A4%A7%E7%BA%B21219.pdf,2025-11,2026-08-11
hsk3-4-0281,构造,gòuzào,struktur;komposisi;tektonik (geologi),structure;composition;tectonic (geology),CLEC 新版HSK考试大纲,https://hsk.cn-bj.ufileos.com/3.0/%E6%96%B0%E7%89%88HSK%E8%80%83%E8%AF%95%E5%A4%A7%E7%BA%B21219.pdf,2025-11,2026-08-11
hsk3-4-0282,购买,gòumǎi,"membeli, memperoleh","to purchase, to buy",CLEC 新版HSK考试大纲,https://hsk.cn-bj.ufileos.com/3.0/%E6%96%B0%E7%89%88HSK%E8%80%83%E8%AF%95%E5%A4%A7%E7%BA%B21219.pdf,2025-11,2026-08-11
hsk3-4-0283,购物,gòuwù,berbelanja,shopping,CLEC 新版HSK考试大纲,https://hsk.cn-bj.ufileos.com/3.0/%E6%96%B0%E7%89%88HSK%E8%80%83%E8%AF%95%E5%A4%A7%E7%BA%B21219.pdf,2025-11,2026-08-11
hsk3-4-0284,骨头,gǔtou,tulang;KP:根块;karakter moral,bone;moral character;bitterness,CLEC 新版HSK考试大纲,https://hsk.cn-bj.ufileos.com/3.0/%E6%96%B0%E7%89%88HSK%E8%80%83%E8%AF%95%E5%A4%A7%E7%BA%B21219.pdf,2025-11,2026-08-11
hsk3-4-0285,固定,gùdìng,memperbaiki;mengencangkan;menetapkan dengan kaku di tempat,to fix;to fasten;to set rigidly in place,CLEC 新版HSK考试大纲,https://hsk.cn-bj.ufileos.com/3.0/%E6%96%B0%E7%89%88HSK%E8%80%83%E8%AF%95%E5%A4%A7%E7%BA%B21219.pdf,2025-11,2026-08-11
hsk3-4-0286,瓜,guā,"melon, labu, labu siam;(slang) gosip","melon, gourd, squash;(slang) a piece of gossip",CLEC 新版HSK考试大纲,https://hsk.cn-bj.ufileos.com/3.0/%E6%96%B0%E7%89%88HSK%E8%80%83%E8%AF%95%E5%A4%A7%E7%BA%B21219.pdf,2025-11,2026-08-11
hsk3-4-0287,怪,guài,"aneh, ganjil, misterius;(bentuk terikat) monster, makhluk gaib;menganggap aneh, menganggap ganjil","odd, strange, uncanny;(bound form) monster, supernatural being;to find strange, to regard as odd",CLEC 新版HSK考试大纲,https://hsk.cn-bj.ufileos.com/3.0/%E6%96%B0%E7%89%88HSK%E8%80%83%E8%AF%95%E5%A4%A7%E7%BA%B21219.pdf,2025-11,2026-08-11
hsk3-4-0288,关,guān,"gerbang gunung;menutup, mengunci, mematikan;mengurung, mengunci (seseorang), mengurung (seseorang di ruangan, burung di dalam sangkar, dll)","mountain pass;to close, to shut, to turn off;to confine, to lock (sb) up, to shut (sb in a room, a bird in a cage etc)",CLEC 新版HSK考试大纲,https://hsk.cn-bj.ufileos.com/3.0/%E6%96%B0%E7%89%88HSK%E8%80%83%E8%AF%95%E5%A4%A7%E7%BA%B21219.pdf,2025-11,2026-08-11
hsk3-4-0289,关闭,guānbì,"menutup, mematikan (jendela, dll.);(toko, sekolah, dll.) ditutup","to close, to shut (a window etc);(of a shop, school etc) to shut down",CLEC 新版HSK考试大纲,https://hsk.cn-bj.ufileos.com/3.0/%E6%96%B0%E7%89%88HSK%E8%80%83%E8%AF%95%E5%A4%A7%E7%BA%B21219.pdf,2025-11,2026-08-11
hsk3-4-0290,关于,guānyú,berkaitan dengan;menyangkut;tentang,pertaining to;concerning;with regard to,CLEC 新版HSK考试大纲,https://hsk.cn-bj.ufileos.com/3.0/%E6%96%B0%E7%89%88HSK%E8%80%83%E8%AF%95%E5%A4%A7%E7%BA%B21219.pdf,2025-11,2026-08-11
hsk3-4-0291,官,guān,pejabat pemerintah;pemerintah;resmi,government official;governmental;official,CLEC 新版HSK考试大纲,https://hsk.cn-bj.ufileos.com/3.0/%E6%96%B0%E7%89%88HSK%E8%80%83%E8%AF%95%E5%A4%A7%E7%BA%B21219.pdf,2025-11,2026-08-11
hsk3-4-0292,官方,guānfāng,pemerintah;resmi (disetujui atau dikeluarkan oleh otoritas),government;official (approved or issued by an authority),CLEC 新版HSK考试大纲,https://hsk.cn-bj.ufileos.com/3.0/%E6%96%B0%E7%89%88HSK%E8%80%83%E8%AF%95%E5%A4%A7%E7%BA%B21219.pdf,2025-11,2026-08-11
hsk3-4-0293,光临,guānglín,(formal) menghormati dengan kehadiran seseorang;menghadiri,(formal) to honor with one's presence;to attend,CLEC 新版HSK考试大纲,https://hsk.cn-bj.ufileos.com/3.0/%E6%96%B0%E7%89%88HSK%E8%80%83%E8%AF%95%E5%A4%A7%E7%BA%B21219.pdf,2025-11,2026-08-11
hsk3-4-0294,光盘,guāngpán,"cakram padat (CD), DVD, CD-ROM;KP:片张","compact disc (CD), DVD, CD-ROM",CLEC 新版HSK考试大纲,https://hsk.cn-bj.ufileos.com/3.0/%E6%96%B0%E7%89%88HSK%E8%80%83%E8%AF%95%E5%A4%A7%E7%BA%B21219.pdf,2025-11,2026-08-11
hsk3-4-0295,逛,guàng,berjalan-jalan;mengunjungi,to stroll;to visit,CLEC 新版HSK考试大纲,https://hsk.cn-bj.ufileos.com/3.0/%E6%96%B0%E7%89%88HSK%E8%80%83%E8%AF%95%E5%A4%A7%E7%BA%B21219.pdf,2025-11,2026-08-11
hsk3-4-0296,归,guī,kembali;pulang ke;mengembalikan ke,to return;to go back to;to give back to,CLEC 新版HSK考试大纲,https://hsk.cn-bj.ufileos.com/3.0/%E6%96%B0%E7%89%88HSK%E8%80%83%E8%AF%95%E5%A4%A7%E7%BA%B21219.pdf,2025-11,2026-08-11
hsk3-4-0297,规律,guīlǜ,aturan (misalnya ilmu pengetahuan);hukum perilaku;pola teratur,rule (e.g. of science);law of behavior;regular pattern,CLEC 新版HSK考试大纲,https://hsk.cn-bj.ufileos.com/3.0/%E6%96%B0%E7%89%88HSK%E8%80%83%E8%AF%95%E5%A4%A7%E7%BA%B21219.pdf,2025-11,2026-08-11
hsk3-4-0298,规模,guīmó,"skala, lingkup, tingkat","scale, scope, extent",CLEC 新版HSK考试大纲,https://hsk.cn-bj.ufileos.com/3.0/%E6%96%B0%E7%89%88HSK%E8%80%83%E8%AF%95%E5%A4%A7%E7%BA%B21219.pdf,2025-11,2026-08-11
hsk3-4-0299,规则,guīzé,"aturan, peraturan;teratur, tertib, tetap","rule, regulation;regular, orderly, fixed",CLEC 新版HSK考试大纲,https://hsk.cn-bj.ufileos.com/3.0/%E6%96%B0%E7%89%88HSK%E8%80%83%E8%AF%95%E5%A4%A7%E7%BA%B21219.pdf,2025-11,2026-08-11
hsk3-4-0300,果实,guǒshí,buah (hasil tumbuhan);(kiasan) buah (kesuksesan dll);hasil,fruit (produced by a plant);(fig.) fruits (of success etc);results,CLEC 新版HSK考试大纲,https://hsk.cn-bj.ufileos.com/3.0/%E6%96%B0%E7%89%88HSK%E8%80%83%E8%AF%95%E5%A4%A7%E7%BA%B21219.pdf,2025-11,2026-08-11
hsk3-4-0301,过分,guòfèn,"berlebihan, tidak semestinya;dengan tidak semestinya, terlalu","excessive, undue;unduly, overly",CLEC 新版HSK考试大纲,https://hsk.cn-bj.ufileos.com/3.0/%E6%96%B0%E7%89%88HSK%E8%80%83%E8%AF%95%E5%A4%A7%E7%BA%B21219.pdf,2025-11,2026-08-11
hsk3-4-0302,海水,hǎishuǐ,air laut,seawater,CLEC 新版HSK考试大纲,https://hsk.cn-bj.ufileos.com/3.0/%E6%96%B0%E7%89%88HSK%E8%80%83%E8%AF%95%E5%A4%A7%E7%BA%B21219.pdf,2025-11,2026-08-11
hsk3-4-0303,海鲜,hǎixiān,makanan laut,seafood,CLEC 新版HSK考试大纲,https://hsk.cn-bj.ufileos.com/3.0/%E6%96%B0%E7%89%88HSK%E8%80%83%E8%AF%95%E5%A4%A7%E7%BA%B21219.pdf,2025-11,2026-08-11
hsk3-4-0304,含,hán,menjaga di dalam mulut;mengandung,to keep in the mouth;to contain,CLEC 新版HSK考试大纲,https://hsk.cn-bj.ufileos.com/3.0/%E6%96%B0%E7%89%88HSK%E8%80%83%E8%AF%95%E5%A4%A7%E7%BA%B21219.pdf,2025-11,2026-08-11
hsk3-4-0305,含量,hánliàng,kandungan;kuantitas yang terkandung,content;quantity contained,CLEC 新版HSK考试大纲,https://hsk.cn-bj.ufileos.com/3.0/%E6%96%B0%E7%89%88HSK%E8%80%83%E8%AF%95%E5%A4%A7%E7%BA%B21219.pdf,2025-11,2026-08-11
hsk3-4-0306,含义,hányì,arti (tersirat dalam sebuah frasa);makna tersirat;makna tersembunyi,meaning (implicit in a phrase);implied meaning;hidden meaning,CLEC 新版HSK考试大纲,https://hsk.cn-bj.ufileos.com/3.0/%E6%96%B0%E7%89%88HSK%E8%80%83%E8%AF%95%E5%A4%A7%E7%BA%B21219.pdf,2025-11,2026-08-11
hsk3-4-0307,含有,hányǒu,mengandung;termasuk,to contain;including,CLEC 新版HSK考试大纲,https://hsk.cn-bj.ufileos.com/3.0/%E6%96%B0%E7%89%88HSK%E8%80%83%E8%AF%95%E5%A4%A7%E7%BA%B21219.pdf,2025-11,2026-08-11
hsk3-4-0308,寒假,hánjià,liburan musim dingin,winter vacation,CLEC 新版HSK考试大纲,https://hsk.cn-bj.ufileos.com/3.0/%E6%96%B0%E7%89%88HSK%E8%80%83%E8%AF%95%E5%A4%A7%E7%BA%B21219.pdf,2025-11,2026-08-11
hsk3-4-0309,寒冷,hánlěng,dingin (cuaca);beku;sangat dingin,cold (climate);frigid;very cold,CLEC 新版HSK考试大纲,https://hsk.cn-bj.ufileos.com/3.0/%E6%96%B0%E7%89%88HSK%E8%80%83%E8%AF%95%E5%A4%A7%E7%BA%B21219.pdf,2025-11,2026-08-11
hsk3-4-0310,行业,hángyè,"perdagangan, profesi, industri, bisnis","trade, profession, industry, business",CLEC 新版HSK考试大纲,https://hsk.cn-bj.ufileos.com/3.0/%E6%96%B0%E7%89%88HSK%E8%80%83%E8%AF%95%E5%A4%A7%E7%BA%B21219.pdf,2025-11,2026-08-11
hsk3-4-0311,航班,hángbān,"penerbangan (terjadwal), pelayaran (terjadwal)","(scheduled) flight, (scheduled) sailing",CLEC 新版HSK考试大纲,https://hsk.cn-bj.ufileos.com/3.0/%E6%96%B0%E7%89%88HSK%E8%80%83%E8%AF%95%E5%A4%A7%E7%BA%B21219.pdf,2025-11,2026-08-11
hsk3-4-0312,航空,hángkōng,penerbangan,aviation,CLEC 新版HSK考试大纲,https://hsk.cn-bj.ufileos.com/3.0/%E6%96%B0%E7%89%88HSK%E8%80%83%E8%AF%95%E5%A4%A7%E7%BA%B21219.pdf,2025-11,2026-08-11
hsk3-4-0313,毫米,háomǐ,milimeter,millimeter,CLEC 新版HSK考试大纲,https://hsk.cn-bj.ufileos.com/3.0/%E6%96%B0%E7%89%88HSK%E8%80%83%E8%AF%95%E5%A4%A7%E7%BA%B21219.pdf,2025-11,2026-08-11
hsk3-4-0314,毫升,háoshēng,mililiter,milliliter,CLEC 新版HSK考试大纲,https://hsk.cn-bj.ufileos.com/3.0/%E6%96%B0%E7%89%88HSK%E8%80%83%E8%AF%95%E5%A4%A7%E7%BA%B21219.pdf,2025-11,2026-08-11
hsk3-4-0315,好友,hǎoyǒu,teman dekat;teman;(situs jejaring sosial) teman,close friend;pal;(social networking website) friend,CLEC 新版HSK考试大纲,https://hsk.cn-bj.ufileos.com/3.0/%E6%96%B0%E7%89%88HSK%E8%80%83%E8%AF%95%E5%A4%A7%E7%BA%B21219.pdf,2025-11,2026-08-11
hsk3-4-0316,号码,hàomǎ,nomor;KP:堆个,number,CLEC 新版HSK考试大纲,https://hsk.cn-bj.ufileos.com/3.0/%E6%96%B0%E7%89%88HSK%E8%80%83%E8%AF%95%E5%A4%A7%E7%BA%B21219.pdf,2025-11,2026-08-11
hsk3-4-0317,好,hào,"menyukai, cenderung, rentan terhadap","to be fond of, to have a tendency to, to be prone to",CLEC 新版HSK考试大纲,https://hsk.cn-bj.ufileos.com/3.0/%E6%96%B0%E7%89%88HSK%E8%80%83%E8%AF%95%E5%A4%A7%E7%BA%B21219.pdf,2025-11,2026-08-11
hsk3-4-0318,合同,hétóng,"kontrak, perjanjian;KP:份","contract, agreement",CLEC 新版HSK考试大纲,https://hsk.cn-bj.ufileos.com/3.0/%E6%96%B0%E7%89%88HSK%E8%80%83%E8%AF%95%E5%A4%A7%E7%BA%B21219.pdf,2025-11,2026-08-11
hsk3-4-0319,黑暗,hēi'àn,gelap;dengan gelap;kegelapan,dark;darkly;darkness,CLEC 新版HSK考试大纲,https://hsk.cn-bj.ufileos.com/3.0/%E6%96%B0%E7%89%88HSK%E8%80%83%E8%AF%95%E5%A4%A7%E7%BA%B21219.pdf,2025-11,2026-08-11
hsk3-4-0320,红包,hóngbāo,uang dibungkus merah sebagai hadiah;pembayaran bonus;suap,money wrapped in red as a gift;bonus payment;kickback,CLEC 新版HSK考试大纲,https://hsk.cn-bj.ufileos.com/3.0/%E6%96%B0%E7%89%88HSK%E8%80%83%E8%AF%95%E5%A4%A7%E7%BA%B21219.pdf,2025-11,2026-08-11
hsk3-4-0321,后头,hòutou,"di belakang;bagian belakang;kemudian, setelah itu",behind;the back;the rear,CLEC 新版HSK考试大纲,https://hsk.cn-bj.ufileos.com/3.0/%E6%96%B0%E7%89%88HSK%E8%80%83%E8%AF%95%E5%A4%A7%E7%BA%B21219.pdf,2025-11,2026-08-11
hsk3-4-0322,厚,hòu,tebal;dalam atau mendalam;baik,thick;deep or profound;kind,CLEC 新版HSK考试大纲,https://hsk.cn-bj.ufileos.com/3.0/%E6%96%B0%E7%89%88HSK%E8%80%83%E8%AF%95%E5%A4%A7%E7%BA%B21219.pdf,2025-11,2026-08-11
hsk3-4-0323,呼吸,hūxī,bernapas,to breathe,CLEC 新版HSK考试大纲,https://hsk.cn-bj.ufileos.com/3.0/%E6%96%B0%E7%89%88HSK%E8%80%83%E8%AF%95%E5%A4%A7%E7%BA%B21219.pdf,2025-11,2026-08-11
hsk3-4-0324,忽视,hūshì,"mengabaikan, lupa","to neglect, to overlook, to disregard, to ignore",CLEC 新版HSK考试大纲,https://hsk.cn-bj.ufileos.com/3.0/%E6%96%B0%E7%89%88HSK%E8%80%83%E8%AF%95%E5%A4%A7%E7%BA%B21219.pdf,2025-11,2026-08-11
hsk3-4-0325,户,hù,rumah tangga;pintu;keluarga,a household;door;family,CLEC 新版HSK考试大纲,https://hsk.cn-bj.ufileos.com/3.0/%E6%96%B0%E7%89%88HSK%E8%80%83%E8%AF%95%E5%A4%A7%E7%BA%B21219.pdf,2025-11,2026-08-11
hsk3-4-0326,护士,hùshi,perawat,nurse,CLEC 新版HSK考试大纲,https://hsk.cn-bj.ufileos.com/3.0/%E6%96%B0%E7%89%88HSK%E8%80%83%E8%AF%95%E5%A4%A7%E7%BA%B21219.pdf,2025-11,2026-08-11
hsk3-4-0327,花,huā,"bunga;mekar;KH:朵,支,束,把,盆,簇",flower;blossom;fancy pattern,CLEC 新版HSK考试大纲,https://hsk.cn-bj.ufileos.com/3.0/%E6%96%B0%E7%89%88HSK%E8%80%83%E8%AF%95%E5%A4%A7%E7%BA%B21219.pdf,2025-11,2026-08-11
hsk3-4-0328,划,huá,mendayung;mengayuh;menguntungkan,to row;to paddle;profitable,CLEC 新版HSK考试大纲,https://hsk.cn-bj.ufileos.com/3.0/%E6%96%B0%E7%89%88HSK%E8%80%83%E8%AF%95%E5%A4%A7%E7%BA%B21219.pdf,2025-11,2026-08-11
hsk3-4-0329,划,huà,membatasi;mentransfer;menugaskan,to delimit;to transfer;to assign,CLEC 新版HSK考试大纲,https://hsk.cn-bj.ufileos.com/3.0/%E6%96%B0%E7%89%88HSK%E8%80%83%E8%AF%95%E5%A4%A7%E7%BA%B21219.pdf,2025-11,2026-08-11
hsk3-4-0330,怀念,huáiniàn,mengenang;mengingat;bernostalgia,to cherish the memory of;to think of;to reminisce,CLEC 新版HSK考试大纲,https://hsk.cn-bj.ufileos.com/3.0/%E6%96%B0%E7%89%88HSK%E8%80%83%E8%AF%95%E5%A4%A7%E7%BA%B21219.pdf,2025-11,2026-08-11
hsk3-4-0331,怀疑,huáiyí,"meragukan (sesuatu), bersikap skeptis terhadap;memiliki keraguan, mencurigai bahwa","to doubt (sth), to be skeptical of;to have one's doubts, to harbor suspicions, to suspect that",CLEC 新版HSK考试大纲,https://hsk.cn-bj.ufileos.com/3.0/%E6%96%B0%E7%89%88HSK%E8%80%83%E8%AF%95%E5%A4%A7%E7%BA%B21219.pdf,2025-11,2026-08-11
hsk3-4-0332,缓解,huǎnjiě,membawa kelegaan;meringankan (krisis);menumpulkan (rasa sakit),to bring relief;to alleviate (a crisis);to dull (a pain),CLEC 新版HSK考试大纲,https://hsk.cn-bj.ufileos.com/3.0/%E6%96%B0%E7%89%88HSK%E8%80%83%E8%AF%95%E5%A4%A7%E7%BA%B21219.pdf,2025-11,2026-08-11
hsk3-4-0333,黄瓜,huángguā,mentimun;条,cucumber;条,CLEC 新版HSK考试大纲,https://hsk.cn-bj.ufileos.com/3.0/%E6%96%B0%E7%89%88HSK%E8%80%83%E8%AF%95%E5%A4%A7%E7%BA%B21219.pdf,2025-11,2026-08-11
hsk3-4-0334,黄金,huángjīn,emas;keemasan (kesempatan);utama (waktu),gold;golden (opportunity);prime (time),CLEC 新版HSK考试大纲,https://hsk.cn-bj.ufileos.com/3.0/%E6%96%B0%E7%89%88HSK%E8%80%83%E8%AF%95%E5%A4%A7%E7%BA%B21219.pdf,2025-11,2026-08-11
hsk3-4-0335,回复,huífù,"untuk memulihkan, untuk kembali, untuk kembali ke (kesehatan yang baik, kondisi normal dll)","to recover, to revert, to return to (good health, normal condition etc)",CLEC 新版HSK考试大纲,https://hsk.cn-bj.ufileos.com/3.0/%E6%96%B0%E7%89%88HSK%E8%80%83%E8%AF%95%E5%A4%A7%E7%BA%B21219.pdf,2025-11,2026-08-11
hsk3-4-0336,汇,huì,mengirim uang;berkumpul (tentang sungai);bertukar,to remit;to converge (of rivers);to exchange,CLEC 新版HSK考试大纲,https://hsk.cn-bj.ufileos.com/3.0/%E6%96%B0%E7%89%88HSK%E8%80%83%E8%AF%95%E5%A4%A7%E7%BA%B21219.pdf,2025-11,2026-08-11
hsk3-4-0337,汇报,huìbào,melapor;memberikan laporan tentang;mengumpulkan informasi dan melaporkan kembali,to report;to give an account of;to collect information and report back,CLEC 新版HSK考试大纲,https://hsk.cn-bj.ufileos.com/3.0/%E6%96%B0%E7%89%88HSK%E8%80%83%E8%AF%95%E5%A4%A7%E7%BA%B21219.pdf,2025-11,2026-08-11
hsk3-4-0338,汇率,huìlǜ,nilai tukar,exchange rate,CLEC 新版HSK考试大纲,https://hsk.cn-bj.ufileos.com/3.0/%E6%96%B0%E7%89%88HSK%E8%80%83%E8%AF%95%E5%A4%A7%E7%BA%B21219.pdf,2025-11,2026-08-11
hsk3-4-0339,婚礼,hūnlǐ,upacara pernikahan;pernikahan;场,wedding ceremony;wedding;场,CLEC 新版HSK考试大纲,https://hsk.cn-bj.ufileos.com/3.0/%E6%96%B0%E7%89%88HSK%E8%80%83%E8%AF%95%E5%A4%A7%E7%BA%B21219.pdf,2025-11,2026-08-11
hsk3-4-0340,火,huǒ,api;mendesak;amunisi,fire;urgent;ammunition,CLEC 新版HSK考试大纲,https://hsk.cn-bj.ufileos.com/3.0/%E6%96%B0%E7%89%88HSK%E8%80%83%E8%AF%95%E5%A4%A7%E7%BA%B21219.pdf,2025-11,2026-08-11
hsk3-4-0341,伙,huǒ,(bentuk terikat) makanan (seperti dalam 伙食),(bound form) meals (as in 伙食),CLEC 新版HSK考试大纲,https://hsk.cn-bj.ufileos.com/3.0/%E6%96%B0%E7%89%88HSK%E8%80%83%E8%AF%95%E5%A4%A7%E7%BA%B21219.pdf,2025-11,2026-08-11
hsk3-4-0342,伙伴,huǒbàn,"teman, kawan;rekan, mitra bisnis","companion, pal;partner, business associate",CLEC 新版HSK考试大纲,https://hsk.cn-bj.ufileos.com/3.0/%E6%96%B0%E7%89%88HSK%E8%80%83%E8%AF%95%E5%A4%A7%E7%BA%B21219.pdf,2025-11,2026-08-11
hsk3-4-0343,或许,huòxǔ,"barangkali, mungkin","perhaps, maybe",CLEC 新版HSK考试大纲,https://hsk.cn-bj.ufileos.com/3.0/%E6%96%B0%E7%89%88HSK%E8%80%83%E8%AF%95%E5%A4%A7%E7%BA%B21219.pdf,2025-11,2026-08-11
hsk3-4-0344,货,huò,barang;uang;komoditas,goods;money;commodity,CLEC 新版HSK考试大纲,https://hsk.cn-bj.ufileos.com/3.0/%E6%96%B0%E7%89%88HSK%E8%80%83%E8%AF%95%E5%A4%A7%E7%BA%B21219.pdf,2025-11,2026-08-11
hsk3-4-0345,获,huò,"(sastra) menangkap, memperoleh;(sastra) mendapatkan, memenangkan","(literary) to catch, to capture;(literary) to get, to obtain, to win",CLEC 新版HSK考试大纲,https://hsk.cn-bj.ufileos.com/3.0/%E6%96%B0%E7%89%88HSK%E8%80%83%E8%AF%95%E5%A4%A7%E7%BA%B21219.pdf,2025-11,2026-08-11
hsk3-4-0346,获得,huòdé,"memperoleh, menerima, mendapatkan","to obtain, to receive, to get",CLEC 新版HSK考试大纲,https://hsk.cn-bj.ufileos.com/3.0/%E6%96%B0%E7%89%88HSK%E8%80%83%E8%AF%95%E5%A4%A7%E7%BA%B21219.pdf,2025-11,2026-08-11
hsk3-4-0347,获奖,huòjiǎng,memenangkan penghargaan,to win an award,CLEC 新版HSK考试大纲,https://hsk.cn-bj.ufileos.com/3.0/%E6%96%B0%E7%89%88HSK%E8%80%83%E8%AF%95%E5%A4%A7%E7%BA%B21219.pdf,2025-11,2026-08-11
hsk3-4-0348,获取,huòqǔ,"mendapatkan, memperoleh","to gain, to get, to acquire",CLEC 新版HSK考试大纲,https://hsk.cn-bj.ufileos.com/3.0/%E6%96%B0%E7%89%88HSK%E8%80%83%E8%AF%95%E5%A4%A7%E7%BA%B21219.pdf,2025-11,2026-08-11
hsk3-4-0349,几乎,jīhū,"hampir, nyaris, praktis","almost, nearly, practically",CLEC 新版HSK考试大纲,https://hsk.cn-bj.ufileos.com/3.0/%E6%96%B0%E7%89%88HSK%E8%80%83%E8%AF%95%E5%A4%A7%E7%BA%B21219.pdf,2025-11,2026-08-11
hsk3-4-0350,机构,jīgòu,"mekanisme, struktur, organisasi, badan, institusi;KP:所",mechanism;structure;organization,CLEC 新版HSK考试大纲,https://hsk.cn-bj.ufileos.com/3.0/%E6%96%B0%E7%89%88HSK%E8%80%83%E8%AF%95%E5%A4%A7%E7%BA%B21219.pdf,2025-11,2026-08-11
hsk3-4-0351,机遇,jīyù,"kesempatan, perubahan peristiwa yang menguntungkan, keberuntungan","opportunity, favorable turn of events, stroke of luck",CLEC 新版HSK考试大纲,https://hsk.cn-bj.ufileos.com/3.0/%E6%96%B0%E7%89%88HSK%E8%80%83%E8%AF%95%E5%A4%A7%E7%BA%B21219.pdf,2025-11,2026-08-11
hsk3-4-0352,积累,jīlěi,mengakumulasi;akumulasi;kumulatif,to accumulate;accumulation;cumulative,CLEC 新版HSK考试大纲,https://hsk.cn-bj.ufileos.com/3.0/%E6%96%B0%E7%89%88HSK%E8%80%83%E8%AF%95%E5%A4%A7%E7%BA%B21219.pdf,2025-11,2026-08-11
hsk3-4-0353,激动,jīdòng,tergerak secara emosional;membangkitkan (emosi);menggairahkan,to move emotionally;to stir up (emotions);to excite,CLEC 新版HSK考试大纲,https://hsk.cn-bj.ufileos.com/3.0/%E6%96%B0%E7%89%88HSK%E8%80%83%E8%AF%95%E5%A4%A7%E7%BA%B21219.pdf,2025-11,2026-08-11
hsk3-4-0354,激烈,jīliè,(kompetisi atau pertempuran) sengit;ganas;(rasa sakit) akut,(of competition or fighting) intense;fierce;(of pain) acute,CLEC 新版HSK考试大纲,https://hsk.cn-bj.ufileos.com/3.0/%E6%96%B0%E7%89%88HSK%E8%80%83%E8%AF%95%E5%A4%A7%E7%BA%B21219.pdf,2025-11,2026-08-11
hsk3-4-0355,及格,jígé,lulus ujian atau tes;memenuhi standar minimum,to pass an exam or a test;to meet a minimum standard,CLEC 新版HSK考试大纲,https://hsk.cn-bj.ufileos.com/3.0/%E6%96%B0%E7%89%88HSK%E8%80%83%E8%AF%95%E5%A4%A7%E7%BA%B21219.pdf,2025-11,2026-08-11
hsk3-4-0356,极,jí,"sangat;kutub (geografi, fisika);tertinggi","extremely;pole (geography, physics);utmost",CLEC 新版HSK考试大纲,https://hsk.cn-bj.ufileos.com/3.0/%E6%96%B0%E7%89%88HSK%E8%80%83%E8%AF%95%E5%A4%A7%E7%BA%B21219.pdf,2025-11,2026-08-11
hsk3-4-0357,极其,jíqí,sangat,extremely,CLEC 新版HSK考试大纲,https://hsk.cn-bj.ufileos.com/3.0/%E6%96%B0%E7%89%88HSK%E8%80%83%E8%AF%95%E5%A4%A7%E7%BA%B21219.pdf,2025-11,2026-08-11
hsk3-4-0358,即将,jíjiāng,"akan, pada titik, segera","about to, on the point of, soon",CLEC 新版HSK考试大纲,https://hsk.cn-bj.ufileos.com/3.0/%E6%96%B0%E7%89%88HSK%E8%80%83%E8%AF%95%E5%A4%A7%E7%BA%B21219.pdf,2025-11,2026-08-11
hsk3-4-0359,急忙,jímáng,dengan tergesa-gesa,hastily,CLEC 新版HSK考试大纲,https://hsk.cn-bj.ufileos.com/3.0/%E6%96%B0%E7%89%88HSK%E8%80%83%E8%AF%95%E5%A4%A7%E7%BA%B21219.pdf,2025-11,2026-08-11
hsk3-4-0360,集合,jíhé,berkumpul;(matematika) himpunan,"to gather, to assemble;(math.) set",CLEC 新版HSK考试大纲,https://hsk.cn-bj.ufileos.com/3.0/%E6%96%B0%E7%89%88HSK%E8%80%83%E8%AF%95%E5%A4%A7%E7%BA%B21219.pdf,2025-11,2026-08-11
hsk3-4-0361,记载,jìzǎi,menuliskan;merekam;catatan tertulis,to write down;to record;written account,CLEC 新版HSK考试大纲,https://hsk.cn-bj.ufileos.com/3.0/%E6%96%B0%E7%89%88HSK%E8%80%83%E8%AF%95%E5%A4%A7%E7%BA%B21219.pdf,2025-11,2026-08-11
hsk3-4-0362,纪律,jìlǜ,disiplin,discipline,CLEC 新版HSK考试大纲,https://hsk.cn-bj.ufileos.com/3.0/%E6%96%B0%E7%89%88HSK%E8%80%83%E8%AF%95%E5%A4%A7%E7%BA%B21219.pdf,2025-11,2026-08-11
hsk3-4-0363,技巧,jìqiǎo,keterampilan;teknik,skill;technique,CLEC 新版HSK考试大纲,https://hsk.cn-bj.ufileos.com/3.0/%E6%96%B0%E7%89%88HSK%E8%80%83%E8%AF%95%E5%A4%A7%E7%BA%B21219.pdf,2025-11,2026-08-11
hsk3-4-0364,系,jì,mengikat;mengencangkan;mengancingkan,to tie;to fasten;to button up,CLEC 新版HSK考试大纲,https://hsk.cn-bj.ufileos.com/3.0/%E6%96%B0%E7%89%88HSK%E8%80%83%E8%AF%95%E5%A4%A7%E7%BA%B21219.pdf,2025-11,2026-08-11
hsk3-4-0365,季,jì,musim;bulan terakhir suatu musim;keempat atau bungsu di antara saudara laki-laki,season;the last month of a season;fourth or youngest amongst brothers,CLEC 新版HSK考试大纲,https://hsk.cn-bj.ufileos.com/3.0/%E6%96%B0%E7%89%88HSK%E8%80%83%E8%AF%95%E5%A4%A7%E7%BA%B21219.pdf,2025-11,2026-08-11
hsk3-4-0366,季度,jìdù,seperempat tahun;musim (olahraga),quarter of a year;season (sports),CLEC 新版HSK考试大纲,https://hsk.cn-bj.ufileos.com/3.0/%E6%96%B0%E7%89%88HSK%E8%80%83%E8%AF%95%E5%A4%A7%E7%BA%B21219.pdf,2025-11,2026-08-11
hsk3-4-0367,季节,jìjié,waktu;musim;periode,time;season;period,CLEC 新版HSK考试大纲,https://hsk.cn-bj.ufileos.com/3.0/%E6%96%B0%E7%89%88HSK%E8%80%83%E8%AF%95%E5%A4%A7%E7%BA%B21219.pdf,2025-11,2026-08-11
hsk3-4-0368,既,jì,sudah;karena;baik... (dan...),already;since;both... (and...),CLEC 新版HSK考试大纲,https://hsk.cn-bj.ufileos.com/3.0/%E6%96%B0%E7%89%88HSK%E8%80%83%E8%AF%95%E5%A4%A7%E7%BA%B21219.pdf,2025-11,2026-08-11
hsk3-4-0369,既然,jìrán,"karena, karena memang demikian","since, as, this being the case",CLEC 新版HSK考试大纲,https://hsk.cn-bj.ufileos.com/3.0/%E6%96%B0%E7%89%88HSK%E8%80%83%E8%AF%95%E5%A4%A7%E7%BA%B21219.pdf,2025-11,2026-08-11
hsk3-4-0370,寄,jì,"mempercayakan, menempatkan dalam perawatan seseorang;(bentuk terikat) bergantung pada, melekatkan diri pada, tinggal sementara","to entrust, to place in sb's care;(bound form) to depend on, to attach oneself to, to reside temporarily;(bound form) foster (as in 寄女 foster daughter)",CLEC 新版HSK考试大纲,https://hsk.cn-bj.ufileos.com/3.0/%E6%96%B0%E7%89%88HSK%E8%80%83%E8%AF%95%E5%A4%A7%E7%BA%B21219.pdf,2025-11,2026-08-11
hsk3-4-0371,加班,jiābān,bekerja lembur,to work overtime,CLEC 新版HSK考试大纲,https://hsk.cn-bj.ufileos.com/3.0/%E6%96%B0%E7%89%88HSK%E8%80%83%E8%AF%95%E5%A4%A7%E7%BA%B21219.pdf,2025-11,2026-08-11
hsk3-4-0372,加入,jiārù,menjadi anggota;bergabung;bercampur ke dalam,to become a member;to join;to mix into,CLEC 新版HSK考试大纲,https://hsk.cn-bj.ufileos.com/3.0/%E6%96%B0%E7%89%88HSK%E8%80%83%E8%AF%95%E5%A4%A7%E7%BA%B21219.pdf,2025-11,2026-08-11
hsk3-4-0373,加油站,jiāyóuzhàn,pom bensin,gas station,CLEC 新版HSK考试大纲,https://hsk.cn-bj.ufileos.com/3.0/%E6%96%B0%E7%89%88HSK%E8%80%83%E8%AF%95%E5%A4%A7%E7%BA%B21219.pdf,2025-11,2026-08-11
hsk3-4-0374,家务,jiāwù,tugas rumah tangga;pekerjaan rumah tangga,household duties;housework,CLEC 新版HSK考试大纲,https://hsk.cn-bj.ufileos.com/3.0/%E6%96%B0%E7%89%88HSK%E8%80%83%E8%AF%95%E5%A4%A7%E7%BA%B21219.pdf,2025-11,2026-08-11
hsk3-4-0375,假如,jiǎrú,jika,if,CLEC 新版HSK考试大纲,https://hsk.cn-bj.ufileos.com/3.0/%E6%96%B0%E7%89%88HSK%E8%80%83%E8%AF%95%E5%A4%A7%E7%BA%B21219.pdf,2025-11,2026-08-11
hsk3-4-0376,坚固,jiāngù,kokoh;dengan kokoh;keras,firm;firmly;hard,CLEC 新版HSK考试大纲,https://hsk.cn-bj.ufileos.com/3.0/%E6%96%B0%E7%89%88HSK%E8%80%83%E8%AF%95%E5%A4%A7%E7%BA%B21219.pdf,2025-11,2026-08-11
hsk3-4-0377,检测,jiǎncè,"menguji, mendeteksi","to test, to detect",CLEC 新版HSK考试大纲,https://hsk.cn-bj.ufileos.com/3.0/%E6%96%B0%E7%89%88HSK%E8%80%83%E8%AF%95%E5%A4%A7%E7%BA%B21219.pdf,2025-11,2026-08-11
hsk3-4-0378,减,jiǎn,menurunkan;mengurangi;mengurangkan,to lower;to decrease;to reduce,CLEC 新版HSK考试大纲,https://hsk.cn-bj.ufileos.com/3.0/%E6%96%B0%E7%89%88HSK%E8%80%83%E8%AF%95%E5%A4%A7%E7%BA%B21219.pdf,2025-11,2026-08-11
hsk3-4-0379,减肥,jiǎnféi,menurunkan berat badan,to lose weight,CLEC 新版HSK考试大纲,https://hsk.cn-bj.ufileos.com/3.0/%E6%96%B0%E7%89%88HSK%E8%80%83%E8%AF%95%E5%A4%A7%E7%BA%B21219.pdf,2025-11,2026-08-11
hsk3-4-0380,减少,jiǎnshǎo,"mengurangi, menurunkan, mengecilkan","to lessen, to decrease, to reduce, to lower",CLEC 新版HSK考试大纲,https://hsk.cn-bj.ufileos.com/3.0/%E6%96%B0%E7%89%88HSK%E8%80%83%E8%AF%95%E5%A4%A7%E7%BA%B21219.pdf,2025-11,2026-08-11
hsk3-4-0381,简历,jiǎnlì,curriculum vitae (CV);résumé;catatan biografi,curriculum vitae (CV);résumé;biographical notes,CLEC 新版HSK考试大纲,https://hsk.cn-bj.ufileos.com/3.0/%E6%96%B0%E7%89%88HSK%E8%80%83%E8%AF%95%E5%A4%A7%E7%BA%B21219.pdf,2025-11,2026-08-11
hsk3-4-0382,健身,jiànshēn,berolahraga;menjaga kebugaran;berlatih,to exercise;to keep fit;to work out,CLEC 新版HSK考试大纲,https://hsk.cn-bj.ufileos.com/3.0/%E6%96%B0%E7%89%88HSK%E8%80%83%E8%AF%95%E5%A4%A7%E7%BA%B21219.pdf,2025-11,2026-08-11
hsk3-4-0383,渐渐,jiànjiàn,secara bertahap,gradually,CLEC 新版HSK考试大纲,https://hsk.cn-bj.ufileos.com/3.0/%E6%96%B0%E7%89%88HSK%E8%80%83%E8%AF%95%E5%A4%A7%E7%BA%B21219.pdf,2025-11,2026-08-11
hsk3-4-0384,江,jiāng,"sungai;条, 道","river;条,道",CLEC 新版HSK考试大纲,https://hsk.cn-bj.ufileos.com/3.0/%E6%96%B0%E7%89%88HSK%E8%80%83%E8%AF%95%E5%A4%A7%E7%BA%B21219.pdf,2025-11,2026-08-11
hsk3-4-0385,讲究,jiǎngjiu,sangat memperhatikan;dipilih dengan cermat untuk kualitas;dipilih dengan selera tinggi,to pay particular attention to;carefully selected for quality;tastefully chosen,CLEC 新版HSK考试大纲,https://hsk.cn-bj.ufileos.com/3.0/%E6%96%B0%E7%89%88HSK%E8%80%83%E8%AF%95%E5%A4%A7%E7%BA%B21219.pdf,2025-11,2026-08-11
hsk3-4-0386,讲座,jiǎngzuò,"rangkaian ceramah, seri kuliah;kursi (posisi akademik)","course of lectures, lecture series;chair (academic position)",CLEC 新版HSK考试大纲,https://hsk.cn-bj.ufileos.com/3.0/%E6%96%B0%E7%89%88HSK%E8%80%83%E8%AF%95%E5%A4%A7%E7%BA%B21219.pdf,2025-11,2026-08-11
hsk3-4-0387,奖,jiǎng,"hadiah, penghargaan, bonus, ganjaran;(bentuk terikat) untuk mendorong, untuk memuji;untuk memberikan, untuk memberikan sebagai hadiah","prize, award, bonus, reward;(bound form) to encourage, to commend, to praise;to award, to give as a reward",CLEC 新版HSK考试大纲,https://hsk.cn-bj.ufileos.com/3.0/%E6%96%B0%E7%89%88HSK%E8%80%83%E8%AF%95%E5%A4%A7%E7%BA%B21219.pdf,2025-11,2026-08-11
hsk3-4-0388,奖金,jiǎngjīn,premi;uang penghargaan;bonus,premium;award money;bonus,CLEC 新版HSK考试大纲,https://hsk.cn-bj.ufileos.com/3.0/%E6%96%B0%E7%89%88HSK%E8%80%83%E8%AF%95%E5%A4%A7%E7%BA%B21219.pdf,2025-11,2026-08-11
hsk3-4-0389,奖学金,jiǎngxuéjīn,beasiswa;笔,scholarship;笔,CLEC 新版HSK考试大纲,https://hsk.cn-bj.ufileos.com/3.0/%E6%96%B0%E7%89%88HSK%E8%80%83%E8%AF%95%E5%A4%A7%E7%BA%B21219.pdf,2025-11,2026-08-11
hsk3-4-0390,降,jiàng,turun;jatuh;datang,to drop;to fall;to come down,CLEC 新版HSK考试大纲,https://hsk.cn-bj.ufileos.com/3.0/%E6%96%B0%E7%89%88HSK%E8%80%83%E8%AF%95%E5%A4%A7%E7%BA%B21219.pdf,2025-11,2026-08-11
hsk3-4-0391,降低,jiàngdī,"mengurangi, menurunkan","to reduce, to lower, to bring down",CLEC 新版HSK考试大纲,https://hsk.cn-bj.ufileos.com/3.0/%E6%96%B0%E7%89%88HSK%E8%80%83%E8%AF%95%E5%A4%A7%E7%BA%B21219.pdf,2025-11,2026-08-11
hsk3-4-0392,降价,jiàngjià,memotong harga;menurunkan harga;menjadi lebih murah,to cut the price;to drive down the price;to get cheaper,CLEC 新版HSK考试大纲,https://hsk.cn-bj.ufileos.com/3.0/%E6%96%B0%E7%89%88HSK%E8%80%83%E8%AF%95%E5%A4%A7%E7%BA%B21219.pdf,2025-11,2026-08-11
hsk3-4-0393,降落,jiàngluò,turun;mendarat,to descend;to land,CLEC 新版HSK考试大纲,https://hsk.cn-bj.ufileos.com/3.0/%E6%96%B0%E7%89%88HSK%E8%80%83%E8%AF%95%E5%A4%A7%E7%BA%B21219.pdf,2025-11,2026-08-11
hsk3-4-0394,降温,jiàngwēn,menjadi lebih dingin;menurunkan suhu;pendinginan,to become cooler;to lower the temperature;cooling,CLEC 新版HSK考试大纲,https://hsk.cn-bj.ufileos.com/3.0/%E6%96%B0%E7%89%88HSK%E8%80%83%E8%AF%95%E5%A4%A7%E7%BA%B21219.pdf,2025-11,2026-08-11
hsk3-4-0395,交换,jiāohuàn,bertukar;menukar;mengalihkan (telekomunikasi),to exchange;to swap;to switch (telecom),CLEC 新版HSK考试大纲,https://hsk.cn-bj.ufileos.com/3.0/%E6%96%B0%E7%89%88HSK%E8%80%83%E8%AF%95%E5%A4%A7%E7%BA%B21219.pdf,2025-11,2026-08-11
hsk3-4-0396,交际,jiāojì,komunikasi;hubungan sosial,communication;social intercourse,CLEC 新版HSK考试大纲,https://hsk.cn-bj.ufileos.com/3.0/%E6%96%B0%E7%89%88HSK%E8%80%83%E8%AF%95%E5%A4%A7%E7%BA%B21219.pdf,2025-11,2026-08-11
hsk3-4-0397,教授,jiàoshòu,profesor,professor,CLEC 新版HSK考试大纲,https://hsk.cn-bj.ufileos.com/3.0/%E6%96%B0%E7%89%88HSK%E8%80%83%E8%AF%95%E5%A4%A7%E7%BA%B21219.pdf,2025-11,2026-08-11
hsk3-4-0398,教训,jiàoxùn,"memberikan bimbingan, menguliahi seseorang, memarahi;pelajaran pahit;KP:番顿","to provide guidance, to lecture sb, to upbraid;a talking-to, a bitter lesson",CLEC 新版HSK考试大纲,https://hsk.cn-bj.ufileos.com/3.0/%E6%96%B0%E7%89%88HSK%E8%80%83%E8%AF%95%E5%A4%A7%E7%BA%B21219.pdf,2025-11,2026-08-11
hsk3-4-0399,阶段,jiēduàn,tahap;bagian;fase,stage;section;phase,CLEC 新版HSK考试大纲,https://hsk.cn-bj.ufileos.com/3.0/%E6%96%B0%E7%89%88HSK%E8%80%83%E8%AF%95%E5%A4%A7%E7%BA%B21219.pdf,2025-11,2026-08-11
hsk3-4-0400,街道,jiēdào,jalan;条;subdistrik,street;条;subdistrict,CLEC 新版HSK考试大纲,https://hsk.cn-bj.ufileos.com/3.0/%E6%96%B0%E7%89%88HSK%E8%80%83%E8%AF%95%E5%A4%A7%E7%BA%B21219.pdf,2025-11,2026-08-11
hsk3-4-0401,节省,jiéshěng,hemat;menghemat;menggunakan sedikit,saving;to save;to use sparingly,CLEC 新版HSK考试大纲,https://hsk.cn-bj.ufileos.com/3.0/%E6%96%B0%E7%89%88HSK%E8%80%83%E8%AF%95%E5%A4%A7%E7%BA%B21219.pdf,2025-11,2026-08-11
hsk3-4-0402,结,jié,"simpul, kokoh, ikatan, mengikat, memesan (hotel)",knot;sturdy;bond,CLEC 新版HSK考试大纲,https://hsk.cn-bj.ufileos.com/3.0/%E6%96%B0%E7%89%88HSK%E8%80%83%E8%AF%95%E5%A4%A7%E7%BA%B21219.pdf,2025-11,2026-08-11
hsk3-4-0403,结构,jiégòu,struktur;komposisi;susunan,structure;composition;makeup,CLEC 新版HSK考试大纲,https://hsk.cn-bj.ufileos.com/3.0/%E6%96%B0%E7%89%88HSK%E8%80%83%E8%AF%95%E5%A4%A7%E7%BA%B21219.pdf,2025-11,2026-08-11
hsk3-4-0404,结论,jiélùn,kesimpulan;putusan;个,conclusion;verdict;个,CLEC 新版HSK考试大纲,https://hsk.cn-bj.ufileos.com/3.0/%E6%96%B0%E7%89%88HSK%E8%80%83%E8%AF%95%E5%A4%A7%E7%BA%B21219.pdf,2025-11,2026-08-11
hsk3-4-0405,姐妹,jiěmèi,"kakak (dan adik) perempuan;saudara perempuan (sekolah, kota, dll.)","sisters;siblings;sister (school, city etc)",CLEC 新版HSK考试大纲,https://hsk.cn-bj.ufileos.com/3.0/%E6%96%B0%E7%89%88HSK%E8%80%83%E8%AF%95%E5%A4%A7%E7%BA%B21219.pdf,2025-11,2026-08-11
hsk3-4-0406,解释,jiěshì,penjelasan;menjelaskan;menafsirkan,explanation;to explain;to interpret,CLEC 新版HSK考试大纲,https://hsk.cn-bj.ufileos.com/3.0/%E6%96%B0%E7%89%88HSK%E8%80%83%E8%AF%95%E5%A4%A7%E7%BA%B21219.pdf,2025-11,2026-08-11
hsk3-4-0407,尽快,jǐnkuài,sesegera mungkin,"as quickly as possible, as soon as possible",CLEC 新版HSK考试大纲,https://hsk.cn-bj.ufileos.com/3.0/%E6%96%B0%E7%89%88HSK%E8%80%83%E8%AF%95%E5%A4%A7%E7%BA%B21219.pdf,2025-11,2026-08-11
hsk3-4-0408,紧密,jǐnmì,sangat dekat,inseparably close,CLEC 新版HSK考试大纲,https://hsk.cn-bj.ufileos.com/3.0/%E6%96%B0%E7%89%88HSK%E8%80%83%E8%AF%95%E5%A4%A7%E7%BA%B21219.pdf,2025-11,2026-08-11
hsk3-4-0409,尽力,jìnlì,"berusaha sekuat tenaga, tidak menyisakan upaya","to strive one's hardest, to spare no effort",CLEC 新版HSK考试大纲,https://hsk.cn-bj.ufileos.com/3.0/%E6%96%B0%E7%89%88HSK%E8%80%83%E8%AF%95%E5%A4%A7%E7%BA%B21219.pdf,2025-11,2026-08-11
hsk3-4-0410,进口,jìnkǒu,mengimpor;impor;pintu masuk,to import;imported;entrance,CLEC 新版HSK考试大纲,https://hsk.cn-bj.ufileos.com/3.0/%E6%96%B0%E7%89%88HSK%E8%80%83%E8%AF%95%E5%A4%A7%E7%BA%B21219.pdf,2025-11,2026-08-11
hsk3-4-0411,近代,jìndài,"masa lalu yang belum terlalu jauh;zaman modern, tidak termasuk dekade terakhir","the not-very-distant past;modern times, excluding recent decades",CLEC 新版HSK考试大纲,https://hsk.cn-bj.ufileos.com/3.0/%E6%96%B0%E7%89%88HSK%E8%80%83%E8%AF%95%E5%A4%A7%E7%BA%B21219.pdf,2025-11,2026-08-11
hsk3-4-0412,禁止,jìnzhǐ,melarang,to prohibit;to forbid;to ban,CLEC 新版HSK考试大纲,https://hsk.cn-bj.ufileos.com/3.0/%E6%96%B0%E7%89%88HSK%E8%80%83%E8%AF%95%E5%A4%A7%E7%BA%B21219.pdf,2025-11,2026-08-11
hsk3-4-0413,经典,jīngdiǎn,kitab-kitab klasik;kitab suci;klasik,the classics;scriptures;classical,CLEC 新版HSK考试大纲,https://hsk.cn-bj.ufileos.com/3.0/%E6%96%B0%E7%89%88HSK%E8%80%83%E8%AF%95%E5%A4%A7%E7%BA%B21219.pdf,2025-11,2026-08-11
hsk3-4-0414,精力,jīnglì,energi,energy,CLEC 新版HSK考试大纲,https://hsk.cn-bj.ufileos.com/3.0/%E6%96%B0%E7%89%88HSK%E8%80%83%E8%AF%95%E5%A4%A7%E7%BA%B21219.pdf,2025-11,2026-08-11
hsk3-4-0415,竟然,jìngrán,secara tak terduga;mengejutkan;meskipun demikian,unexpectedly;to one's surprise;in spite of everything,CLEC 新版HSK考试大纲,https://hsk.cn-bj.ufileos.com/3.0/%E6%96%B0%E7%89%88HSK%E8%80%83%E8%AF%95%E5%A4%A7%E7%BA%B21219.pdf,2025-11,2026-08-11
hsk3-4-0416,镜头,jìngtóu,lensa kamera;bidikan kamera (dalam film dll);adegan,camera lens;camera shot (in a movie etc);scene,CLEC 新版HSK考试大纲,https://hsk.cn-bj.ufileos.com/3.0/%E6%96%B0%E7%89%88HSK%E8%80%83%E8%AF%95%E5%A4%A7%E7%BA%B21219.pdf,2025-11,2026-08-11
hsk3-4-0417,镜子,jìngzi,cermin;KP:面个,mirror,CLEC 新版HSK考试大纲,https://hsk.cn-bj.ufileos.com/3.0/%E6%96%B0%E7%89%88HSK%E8%80%83%E8%AF%95%E5%A4%A7%E7%BA%B21219.pdf,2025-11,2026-08-11
hsk3-4-0418,究竟,jiūjìng,sampai ke inti persoalan;setelah semua;ketika semua dikatakan dan dilakukan,to go to the bottom of a matter;after all;when all is said and done,CLEC 新版HSK考试大纲,https://hsk.cn-bj.ufileos.com/3.0/%E6%96%B0%E7%89%88HSK%E8%80%83%E8%AF%95%E5%A4%A7%E7%BA%B21219.pdf,2025-11,2026-08-11
hsk3-4-0419,酒吧,jiǔbā,bar (tempat membeli minuman);KP:家,bar (place to buy drinks),CLEC 新版HSK考试大纲,https://hsk.cn-bj.ufileos.com/3.0/%E6%96%B0%E7%89%88HSK%E8%80%83%E8%AF%95%E5%A4%A7%E7%BA%B21219.pdf,2025-11,2026-08-11
hsk3-4-0420,居民,jūmín,"penduduk, penghuni","resident, inhabitant",CLEC 新版HSK考试大纲,https://hsk.cn-bj.ufileos.com/3.0/%E6%96%B0%E7%89%88HSK%E8%80%83%E8%AF%95%E5%A4%A7%E7%BA%B21219.pdf,2025-11,2026-08-11
hsk3-4-0421,居住,jūzhù,tinggal;berdiam;tinggal di suatu tempat,to reside;to dwell;to live in a place,CLEC 新版HSK考试大纲,https://hsk.cn-bj.ufileos.com/3.0/%E6%96%B0%E7%89%88HSK%E8%80%83%E8%AF%95%E5%A4%A7%E7%BA%B21219.pdf,2025-11,2026-08-11
hsk3-4-0422,局,jú,sempit,narrow,CLEC 新版HSK考试大纲,https://hsk.cn-bj.ufileos.com/3.0/%E6%96%B0%E7%89%88HSK%E8%80%83%E8%AF%95%E5%A4%A7%E7%BA%B21219.pdf,2025-11,2026-08-11
hsk3-4-0423,巨大,jùdà,"besar sekali, sangat besar, luar biasa, raksasa","huge, immense, enormous, gigantic",CLEC 新版HSK考试大纲,https://hsk.cn-bj.ufileos.com/3.0/%E6%96%B0%E7%89%88HSK%E8%80%83%E8%AF%95%E5%A4%A7%E7%BA%B21219.pdf,2025-11,2026-08-11
hsk3-4-0424,具备,jùbèi,memiliki;mempunyai;dilengkapi dengan,to possess;to have;equipped with,CLEC 新版HSK考试大纲,https://hsk.cn-bj.ufileos.com/3.0/%E6%96%B0%E7%89%88HSK%E8%80%83%E8%AF%95%E5%A4%A7%E7%BA%B21219.pdf,2025-11,2026-08-11
hsk3-4-0425,距离,jùlí,jarak;个;terpisah dari,distance;个;to be apart from,CLEC 新版HSK考试大纲,https://hsk.cn-bj.ufileos.com/3.0/%E6%96%B0%E7%89%88HSK%E8%80%83%E8%AF%95%E5%A4%A7%E7%BA%B21219.pdf,2025-11,2026-08-11
hsk3-4-0426,聚,jù,"berkumpul, berkumpul (transitif atau intransitif);(kimia) poli-","to assemble, to gather (transitive or intransitive);(chemistry) poly-",CLEC 新版HSK考试大纲,https://hsk.cn-bj.ufileos.com/3.0/%E6%96%B0%E7%89%88HSK%E8%80%83%E8%AF%95%E5%A4%A7%E7%BA%B21219.pdf,2025-11,2026-08-11
hsk3-4-0427,聚会,jùhuì,pesta;pertemuan;bertemu,party;gathering;to meet,CLEC 新版HSK考试大纲,https://hsk.cn-bj.ufileos.com/3.0/%E6%96%B0%E7%89%88HSK%E8%80%83%E8%AF%95%E5%A4%A7%E7%BA%B21219.pdf,2025-11,2026-08-11
hsk3-4-0428,卷,juǎn,"menggulung;(kiasan) menyapu, menelan, menyeret ke dalam (situasi);(slang) bersaing secara tidak sehat, hiperkompetitif","to roll up;(fig.) to sweep up, to engulf, to drag into (a situation);(slang) to compete to an unhealthy degree, hypercompetitive",CLEC 新版HSK考试大纲,https://hsk.cn-bj.ufileos.com/3.0/%E6%96%B0%E7%89%88HSK%E8%80%83%E8%AF%95%E5%A4%A7%E7%BA%B21219.pdf,2025-11,2026-08-11
hsk3-4-0429,卷,juàn,gulungan;buku;volume,scroll;book;volume,CLEC 新版HSK考试大纲,https://hsk.cn-bj.ufileos.com/3.0/%E6%96%B0%E7%89%88HSK%E8%80%83%E8%AF%95%E5%A4%A7%E7%BA%B21219.pdf,2025-11,2026-08-11
hsk3-4-0430,角色,juésè,"peran, bagian (dalam drama atau film, dll);juga diucapkan","role, part (in a play or movie etc);also pr.",CLEC 新版HSK考试大纲,https://hsk.cn-bj.ufileos.com/3.0/%E6%96%B0%E7%89%88HSK%E8%80%83%E8%AF%95%E5%A4%A7%E7%BA%B21219.pdf,2025-11,2026-08-11
hsk3-4-0431,开花,kāihuā,"mekar, bersemi, berbunga;(kiasan) meledak, pecah;(kiasan) meledak gembira","to bloom, to blossom, to flower;(fig.) to burst, to split open;(fig.) to burst with joy",CLEC 新版HSK考试大纲,https://hsk.cn-bj.ufileos.com/3.0/%E6%96%B0%E7%89%88HSK%E8%80%83%E8%AF%95%E5%A4%A7%E7%BA%B21219.pdf,2025-11,2026-08-11
hsk3-4-0432,开水,kāishuǐ,air mendidih;air panas,boiled water;boiling water,CLEC 新版HSK考试大纲,https://hsk.cn-bj.ufileos.com/3.0/%E6%96%B0%E7%89%88HSK%E8%80%83%E8%AF%95%E5%A4%A7%E7%BA%B21219.pdf,2025-11,2026-08-11
hsk3-4-0433,看不起,kànbuqǐ,memandang rendah;menghina,to look down upon;to despise,CLEC 新版HSK考试大纲,https://hsk.cn-bj.ufileos.com/3.0/%E6%96%B0%E7%89%88HSK%E8%80%83%E8%AF%95%E5%A4%A7%E7%BA%B21219.pdf,2025-11,2026-08-11
hsk3-4-0434,看来,kànlái,tampaknya;sepertinya,apparently;it seems that,CLEC 新版HSK考试大纲,https://hsk.cn-bj.ufileos.com/3.0/%E6%96%B0%E7%89%88HSK%E8%80%83%E8%AF%95%E5%A4%A7%E7%BA%B21219.pdf,2025-11,2026-08-11
hsk3-4-0435,看望,kànwàng,"mengunjungi, menemui (seseorang)","to pay a visit to, to see (sb)",CLEC 新版HSK考试大纲,https://hsk.cn-bj.ufileos.com/3.0/%E6%96%B0%E7%89%88HSK%E8%80%83%E8%AF%95%E5%A4%A7%E7%BA%B21219.pdf,2025-11,2026-08-11
hsk3-4-0436,考察,kǎochá,menginspeksi;mengamati dan mempelajari;investigasi di tempat,to inspect;to observe and study;on-the-spot investigation,CLEC 新版HSK考试大纲,https://hsk.cn-bj.ufileos.com/3.0/%E6%96%B0%E7%89%88HSK%E8%80%83%E8%AF%95%E5%A4%A7%E7%BA%B21219.pdf,2025-11,2026-08-11
hsk3-4-0437,考虑,kǎolǜ,mempertimbangkan;memikirkan;pertimbangan,to think over;to consider;consideration,CLEC 新版HSK考试大纲,https://hsk.cn-bj.ufileos.com/3.0/%E6%96%B0%E7%89%88HSK%E8%80%83%E8%AF%95%E5%A4%A7%E7%BA%B21219.pdf,2025-11,2026-08-11
hsk3-4-0438,棵,kē,"klasifier untuk pohon, kubis, tanaman, dll","classifier for trees, cabbages, plants etc",CLEC 新版HSK考试大纲,https://hsk.cn-bj.ufileos.com/3.0/%E6%96%B0%E7%89%88HSK%E8%80%83%E8%AF%95%E5%A4%A7%E7%BA%B21219.pdf,2025-11,2026-08-11
hsk3-4-0439,可见,kějiàn,dapat dilihat dengan jelas (bahwa ini adalah kasusnya);jelas (demikian);jelas,it can clearly be seen (that this is the case);it is (thus) clear;clear,CLEC 新版HSK考试大纲,https://hsk.cn-bj.ufileos.com/3.0/%E6%96%B0%E7%89%88HSK%E8%80%83%E8%AF%95%E5%A4%A7%E7%BA%B21219.pdf,2025-11,2026-08-11
hsk3-4-0440,空间,kōngjiān,"ruang, tempat;(kiasan) cakupan, kelonggaran;(astronomi) luar angkasa","space, room;(fig.) scope, leeway;(astronomy) outer space",CLEC 新版HSK考试大纲,https://hsk.cn-bj.ufileos.com/3.0/%E6%96%B0%E7%89%88HSK%E8%80%83%E8%AF%95%E5%A4%A7%E7%BA%B21219.pdf,2025-11,2026-08-11
hsk3-4-0441,空,kòng,mengosongkan;kosong;tidak terisi,to empty;vacant;unoccupied,CLEC 新版HSK考试大纲,https://hsk.cn-bj.ufileos.com/3.0/%E6%96%B0%E7%89%88HSK%E8%80%83%E8%AF%95%E5%A4%A7%E7%BA%B21219.pdf,2025-11,2026-08-11
hsk3-4-0442,口袋,kǒudai,"saku;tas, karung","pocket;bag, sack",CLEC 新版HSK考试大纲,https://hsk.cn-bj.ufileos.com/3.0/%E6%96%B0%E7%89%88HSK%E8%80%83%E8%AF%95%E5%A4%A7%E7%BA%B21219.pdf,2025-11,2026-08-11
hsk3-4-0443,口语,kǒuyǔ,ucapan sehari-hari;bahasa lisan;bahasa daerah,colloquial speech;spoken language;vernacular language,CLEC 新版HSK考试大纲,https://hsk.cn-bj.ufileos.com/3.0/%E6%96%B0%E7%89%88HSK%E8%80%83%E8%AF%95%E5%A4%A7%E7%BA%B21219.pdf,2025-11,2026-08-11
hsk3-4-0444,苦,kǔ,pahit;kesulitan;penderitaan,bitter;hardship;pain,CLEC 新版HSK考试大纲,https://hsk.cn-bj.ufileos.com/3.0/%E6%96%B0%E7%89%88HSK%E8%80%83%E8%AF%95%E5%A4%A7%E7%BA%B21219.pdf,2025-11,2026-08-11
hsk3-4-0445,会计,kuàijì,akuntan;akuntansi;pembukuan,accountant;accountancy;accounting,CLEC 新版HSK考试大纲,https://hsk.cn-bj.ufileos.com/3.0/%E6%96%B0%E7%89%88HSK%E8%80%83%E8%AF%95%E5%A4%A7%E7%BA%B21219.pdf,2025-11,2026-08-11
hsk3-4-0446,快递,kuàidì,pengiriman ekspres,express delivery,CLEC 新版HSK考试大纲,https://hsk.cn-bj.ufileos.com/3.0/%E6%96%B0%E7%89%88HSK%E8%80%83%E8%AF%95%E5%A4%A7%E7%BA%B21219.pdf,2025-11,2026-08-11
hsk3-4-0447,宽,kuān,lebar;luas;longgar,wide;broad;loose,CLEC 新版HSK考试大纲,https://hsk.cn-bj.ufileos.com/3.0/%E6%96%B0%E7%89%88HSK%E8%80%83%E8%AF%95%E5%A4%A7%E7%BA%B21219.pdf,2025-11,2026-08-11
hsk3-4-0448,宽广,kuānguǎng,luas;lebar;luas cakupannya,wide;broad;extensive,CLEC 新版HSK考试大纲,https://hsk.cn-bj.ufileos.com/3.0/%E6%96%B0%E7%89%88HSK%E8%80%83%E8%AF%95%E5%A4%A7%E7%BA%B21219.pdf,2025-11,2026-08-11
hsk3-4-0449,矿泉水,kuàngquánshuǐ,"air mineral;KP:瓶,杯",mineral water,CLEC 新版HSK考试大纲,https://hsk.cn-bj.ufileos.com/3.0/%E6%96%B0%E7%89%88HSK%E8%80%83%E8%AF%95%E5%A4%A7%E7%BA%B21219.pdf,2025-11,2026-08-11
hsk3-4-0450,扩大,kuòdà,memperluas;memperbesar;memperlebar cakupan,to expand;to enlarge;to broaden one's scope,CLEC 新版HSK考试大纲,https://hsk.cn-bj.ufileos.com/3.0/%E6%96%B0%E7%89%88HSK%E8%80%83%E8%AF%95%E5%A4%A7%E7%BA%B21219.pdf,2025-11,2026-08-11
hsk3-4-0451,扩展,kuòzhǎn,memperluas;ekstensi;ekspansi,to extend;to expand;extension,CLEC 新版HSK考试大纲,https://hsk.cn-bj.ufileos.com/3.0/%E6%96%B0%E7%89%88HSK%E8%80%83%E8%AF%95%E5%A4%A7%E7%BA%B21219.pdf,2025-11,2026-08-11
hsk3-4-0452,括号,kuòhào,tanda kurung,"parentheses, brackets",CLEC 新版HSK考试大纲,https://hsk.cn-bj.ufileos.com/3.0/%E6%96%B0%E7%89%88HSK%E8%80%83%E8%AF%95%E5%A4%A7%E7%BA%B21219.pdf,2025-11,2026-08-11
hsk3-4-0453,垃圾,lājī,sampah;limbah;(pengucapan) berkualitas buruk,trash;refuse;garbage,CLEC 新版HSK考试大纲,https://hsk.cn-bj.ufileos.com/3.0/%E6%96%B0%E7%89%88HSK%E8%80%83%E8%AF%95%E5%A4%A7%E7%BA%B21219.pdf,2025-11,2026-08-11
hsk3-4-0454,拉开,lākāi,menarik terbuka;membuka dengan menarik;memberi jarak,to pull open;to pull apart;to space out,CLEC 新版HSK考试大纲,https://hsk.cn-bj.ufileos.com/3.0/%E6%96%B0%E7%89%88HSK%E8%80%83%E8%AF%95%E5%A4%A7%E7%BA%B21219.pdf,2025-11,2026-08-11
hsk3-4-0455,辣,là,varian lama dari 辣,old variant of 辣,CLEC 新版HSK考试大纲,https://hsk.cn-bj.ufileos.com/3.0/%E6%96%B0%E7%89%88HSK%E8%80%83%E8%AF%95%E5%A4%A7%E7%BA%B21219.pdf,2025-11,2026-08-11
hsk3-4-0456,来不及,láibují,"tidak cukup waktu (untuk melakukan sesuatu), sudah terlambat","there's not enough time (to do sth), it's too late",CLEC 新版HSK考试大纲,https://hsk.cn-bj.ufileos.com/3.0/%E6%96%B0%E7%89%88HSK%E8%80%83%E8%AF%95%E5%A4%A7%E7%BA%B21219.pdf,2025-11,2026-08-11
hsk3-4-0457,来得及,láidejí,"punya cukup waktu, bisa melakukannya tepat waktu, masih bisa berhasil","to have enough time, can do it in time, can still make it",CLEC 新版HSK考试大纲,https://hsk.cn-bj.ufileos.com/3.0/%E6%96%B0%E7%89%88HSK%E8%80%83%E8%AF%95%E5%A4%A7%E7%BA%B21219.pdf,2025-11,2026-08-11
hsk3-4-0458,来源,láiyuán,sumber (informasi dll);asal,source (of information etc);origin,CLEC 新版HSK考试大纲,https://hsk.cn-bj.ufileos.com/3.0/%E6%96%B0%E7%89%88HSK%E8%80%83%E8%AF%95%E5%A4%A7%E7%BA%B21219.pdf,2025-11,2026-08-11
hsk3-4-0459,老公,lǎogōng,(percakapan) suami,(coll.) husband,CLEC 新版HSK考试大纲,https://hsk.cn-bj.ufileos.com/3.0/%E6%96%B0%E7%89%88HSK%E8%80%83%E8%AF%95%E5%A4%A7%E7%BA%B21219.pdf,2025-11,2026-08-11
hsk3-4-0460,老家,lǎojiā,tempat asal;tempat kelahiran;provinsi atau wilayah asal,native place;place of origin;home state or region,CLEC 新版HSK考试大纲,https://hsk.cn-bj.ufileos.com/3.0/%E6%96%B0%E7%89%88HSK%E8%80%83%E8%AF%95%E5%A4%A7%E7%BA%B21219.pdf,2025-11,2026-08-11
hsk3-4-0461,老婆,lǎopo,(percakapan) istri,(coll.) wife,CLEC 新版HSK考试大纲,https://hsk.cn-bj.ufileos.com/3.0/%E6%96%B0%E7%89%88HSK%E8%80%83%E8%AF%95%E5%A4%A7%E7%BA%B21219.pdf,2025-11,2026-08-11
hsk3-4-0462,老实,lǎoshi,"jujur, tulus;berkelakuan baik;naif, mudah percaya","honest, sincere;well-behaved;naive, gullible",CLEC 新版HSK考试大纲,https://hsk.cn-bj.ufileos.com/3.0/%E6%96%B0%E7%89%88HSK%E8%80%83%E8%AF%95%E5%A4%A7%E7%BA%B21219.pdf,2025-11,2026-08-11
hsk3-4-0463,乐趣,lèqù,"kesenangan, kebahagiaan, sukacita","delight, pleasure, joy",CLEC 新版HSK考试大纲,https://hsk.cn-bj.ufileos.com/3.0/%E6%96%B0%E7%89%88HSK%E8%80%83%E8%AF%95%E5%A4%A7%E7%BA%B21219.pdf,2025-11,2026-08-11
hsk3-4-0464,泪,lèi,"(bentuk terikat) air mata, tetesan air mata","(bound form) tears, teardrops",CLEC 新版HSK考试大纲,https://hsk.cn-bj.ufileos.com/3.0/%E6%96%B0%E7%89%88HSK%E8%80%83%E8%AF%95%E5%A4%A7%E7%BA%B21219.pdf,2025-11,2026-08-11
hsk3-4-0465,泪水,lèishuǐ,air mata,teardrop;tears,CLEC 新版HSK考试大纲,https://hsk.cn-bj.ufileos.com/3.0/%E6%96%B0%E7%89%88HSK%E8%80%83%E8%AF%95%E5%A4%A7%E7%BA%B21219.pdf,2025-11,2026-08-11
hsk3-4-0466,类型,lèixíng,"tipe, jenis, kategori;(pemrograman komputer) tipe","type, kind, category;(computer programming) type",CLEC 新版HSK考试大纲,https://hsk.cn-bj.ufileos.com/3.0/%E6%96%B0%E7%89%88HSK%E8%80%83%E8%AF%95%E5%A4%A7%E7%BA%B21219.pdf,2025-11,2026-08-11
hsk3-4-0467,冷静,lěngjìng,"tenang, berkepala dingin, tidak memihak;(dari suatu tempat) sepi","calm, cool-headed, dispassionate;(of a place) deserted, quiet",CLEC 新版HSK考试大纲,https://hsk.cn-bj.ufileos.com/3.0/%E6%96%B0%E7%89%88HSK%E8%80%83%E8%AF%95%E5%A4%A7%E7%BA%B21219.pdf,2025-11,2026-08-11
hsk3-4-0468,厘米,límǐ,sentimeter,centimeter,CLEC 新版HSK考试大纲,https://hsk.cn-bj.ufileos.com/3.0/%E6%96%B0%E7%89%88HSK%E8%80%83%E8%AF%95%E5%A4%A7%E7%BA%B21219.pdf,2025-11,2026-08-11
hsk3-4-0469,离不开,lí bu kāi,tak terpisahkan;pasti terkait dengan,inseparable;inevitably linked to,CLEC 新版HSK考试大纲,https://hsk.cn-bj.ufileos.com/3.0/%E6%96%B0%E7%89%88HSK%E8%80%83%E8%AF%95%E5%A4%A7%E7%BA%B21219.pdf,2025-11,2026-08-11
hsk3-4-0470,力气,lìqi,kekuatan fisik,physical strength,CLEC 新版HSK考试大纲,https://hsk.cn-bj.ufileos.com/3.0/%E6%96%B0%E7%89%88HSK%E8%80%83%E8%AF%95%E5%A4%A7%E7%BA%B21219.pdf,2025-11,2026-08-11
hsk3-4-0471,历史,lìshǐ,"sejarah;门,段","history;门,段",CLEC 新版HSK考试大纲,https://hsk.cn-bj.ufileos.com/3.0/%E6%96%B0%E7%89%88HSK%E8%80%83%E8%AF%95%E5%A4%A7%E7%BA%B21219.pdf,2025-11,2026-08-11
hsk3-4-0472,立即,lìjí,segera,immediately,CLEC 新版HSK考试大纲,https://hsk.cn-bj.ufileos.com/3.0/%E6%96%B0%E7%89%88HSK%E8%80%83%E8%AF%95%E5%A4%A7%E7%BA%B21219.pdf,2025-11,2026-08-11
hsk3-4-0473,利息,lìxī,bunga (pinjaman);笔,interest (on a loan);笔,CLEC 新版HSK考试大纲,https://hsk.cn-bj.ufileos.com/3.0/%E6%96%B0%E7%89%88HSK%E8%80%83%E8%AF%95%E5%A4%A7%E7%BA%B21219.pdf,2025-11,2026-08-11
hsk3-4-0474,利益,lìyì,keuntungan;kepentingan (seseorang);个,benefit;(in sb's) interest;个,CLEC 新版HSK考试大纲,https://hsk.cn-bj.ufileos.com/3.0/%E6%96%B0%E7%89%88HSK%E8%80%83%E8%AF%95%E5%A4%A7%E7%BA%B21219.pdf,2025-11,2026-08-11
hsk3-4-0475,俩,liǎ,dua (setara bahasa sehari-hari dari 两个);keduanya;beberapa,two (colloquial equivalent of 两个);both;some,CLEC 新版HSK考试大纲,https://hsk.cn-bj.ufileos.com/3.0/%E6%96%B0%E7%89%88HSK%E8%80%83%E8%AF%95%E5%A4%A7%E7%BA%B21219.pdf,2025-11,2026-08-11
hsk3-4-0476,良好,liánghǎo,baik;menguntungkan,good;favorable;well,CLEC 新版HSK考试大纲,https://hsk.cn-bj.ufileos.com/3.0/%E6%96%B0%E7%89%88HSK%E8%80%83%E8%AF%95%E5%A4%A7%E7%BA%B21219.pdf,2025-11,2026-08-11
hsk3-4-0477,量,liáng,mengukur,to measure,CLEC 新版HSK考试大纲,https://hsk.cn-bj.ufileos.com/3.0/%E6%96%B0%E7%89%88HSK%E8%80%83%E8%AF%95%E5%A4%A7%E7%BA%B21219.pdf,2025-11,2026-08-11
hsk3-4-0478,粮食,liángshi,bahan makanan;biji-bijian;种,foodstuff;cereals;种,CLEC 新版HSK考试大纲,https://hsk.cn-bj.ufileos.com/3.0/%E6%96%B0%E7%89%88HSK%E8%80%83%E8%AF%95%E5%A4%A7%E7%BA%B21219.pdf,2025-11,2026-08-11
hsk3-4-0479,两边,liǎngbiān,"kedua sisi, kedua belah pihak","either side, both sides",CLEC 新版HSK考试大纲,https://hsk.cn-bj.ufileos.com/3.0/%E6%96%B0%E7%89%88HSK%E8%80%83%E8%AF%95%E5%A4%A7%E7%BA%B21219.pdf,2025-11,2026-08-11
hsk3-4-0480,疗养,liáoyǎng,sembuh;memulihkan;beristirahat,to get well;to heal;to recuperate,CLEC 新版HSK考试大纲,https://hsk.cn-bj.ufileos.com/3.0/%E6%96%B0%E7%89%88HSK%E8%80%83%E8%AF%95%E5%A4%A7%E7%BA%B21219.pdf,2025-11,2026-08-11
hsk3-4-0481,了不起,liǎobuqǐ,luar biasa;hebat;istimewa,amazing;terrific;extraordinary,CLEC 新版HSK考试大纲,https://hsk.cn-bj.ufileos.com/3.0/%E6%96%B0%E7%89%88HSK%E8%80%83%E8%AF%95%E5%A4%A7%E7%BA%B21219.pdf,2025-11,2026-08-11
hsk3-4-0482,了解,liǎojiě,memahami;menyadari;menemukan,to understand;to realize;to find out,CLEC 新版HSK考试大纲,https://hsk.cn-bj.ufileos.com/3.0/%E6%96%B0%E7%89%88HSK%E8%80%83%E8%AF%95%E5%A4%A7%E7%BA%B21219.pdf,2025-11,2026-08-11
hsk3-4-0483,列,liè,mengatur;berbaris;arsip,to arrange;to line up;file,CLEC 新版HSK考试大纲,https://hsk.cn-bj.ufileos.com/3.0/%E6%96%B0%E7%89%88HSK%E8%80%83%E8%AF%95%E5%A4%A7%E7%BA%B21219.pdf,2025-11,2026-08-11
hsk3-4-0484,列车,lièchē,kereta (api),(railway) train,CLEC 新版HSK考试大纲,https://hsk.cn-bj.ufileos.com/3.0/%E6%96%B0%E7%89%88HSK%E8%80%83%E8%AF%95%E5%A4%A7%E7%BA%B21219.pdf,2025-11,2026-08-11
hsk3-4-0485,列入,lièrù,memasukkan ke dalam daftar,to include on a list,CLEC 新版HSK考试大纲,https://hsk.cn-bj.ufileos.com/3.0/%E6%96%B0%E7%89%88HSK%E8%80%83%E8%AF%95%E5%A4%A7%E7%BA%B21219.pdf,2025-11,2026-08-11
hsk3-4-0486,列为,lièwéi,diklasifikasikan sebagai,to be classified as,CLEC 新版HSK考试大纲,https://hsk.cn-bj.ufileos.com/3.0/%E6%96%B0%E7%89%88HSK%E8%80%83%E8%AF%95%E5%A4%A7%E7%BA%B21219.pdf,2025-11,2026-08-11
hsk3-4-0487,临时,línshí,saat waktu mendekat;pada saat terakhir;sementara,as the time draws near;at the last moment;temporary,CLEC 新版HSK考试大纲,https://hsk.cn-bj.ufileos.com/3.0/%E6%96%B0%E7%89%88HSK%E8%80%83%E8%AF%95%E5%A4%A7%E7%BA%B21219.pdf,2025-11,2026-08-11
hsk3-4-0488,零食,língshí,camilan,"snack, nibbles",CLEC 新版HSK考试大纲,https://hsk.cn-bj.ufileos.com/3.0/%E6%96%B0%E7%89%88HSK%E8%80%83%E8%AF%95%E5%A4%A7%E7%BA%B21219.pdf,2025-11,2026-08-11
hsk3-4-0489,流传,liúchuán,"menyebar, beredar, mewariskan","to spread, to circulate, to hand down",CLEC 新版HSK考试大纲,https://hsk.cn-bj.ufileos.com/3.0/%E6%96%B0%E7%89%88HSK%E8%80%83%E8%AF%95%E5%A4%A7%E7%BA%B21219.pdf,2025-11,2026-08-11
hsk3-4-0490,楼梯,lóutī,tangga;eskalator;个,stair;staircase;个,CLEC 新版HSK考试大纲,https://hsk.cn-bj.ufileos.com/3.0/%E6%96%B0%E7%89%88HSK%E8%80%83%E8%AF%95%E5%A4%A7%E7%BA%B21219.pdf,2025-11,2026-08-11
hsk3-4-0491,陆地,lùdì,daratan kering (lawan laut),dry land (as opposed to the sea),CLEC 新版HSK考试大纲,https://hsk.cn-bj.ufileos.com/3.0/%E6%96%B0%E7%89%88HSK%E8%80%83%E8%AF%95%E5%A4%A7%E7%BA%B21219.pdf,2025-11,2026-08-11
hsk3-4-0492,陆续,lùxù,secara bergiliran;berturut-turut;satu demi satu,in turn;successively;one after the other,CLEC 新版HSK考试大纲,https://hsk.cn-bj.ufileos.com/3.0/%E6%96%B0%E7%89%88HSK%E8%80%83%E8%AF%95%E5%A4%A7%E7%BA%B21219.pdf,2025-11,2026-08-11
hsk3-4-0493,录取,lùqǔ,"menerima pelamar (calon siswa, karyawan dll) yang lulus ujian masuk;menerima (seorang siswa);mempekerjakan (calon karyawan)","to accept an applicant (prospective student, employee etc) who passes an entrance exam;to admit (a student);to hire (a job candidate)",CLEC 新版HSK考试大纲,https://hsk.cn-bj.ufileos.com/3.0/%E6%96%B0%E7%89%88HSK%E8%80%83%E8%AF%95%E5%A4%A7%E7%BA%B21219.pdf,2025-11,2026-08-11
hsk3-4-0494,律师,lǜshī,pengacara,lawyer,CLEC 新版HSK考试大纲,https://hsk.cn-bj.ufileos.com/3.0/%E6%96%B0%E7%89%88HSK%E8%80%83%E8%AF%95%E5%A4%A7%E7%BA%B21219.pdf,2025-11,2026-08-11
hsk3-4-0495,轮,lún,"roda, cakram, cincin;kapal uap;bergiliran, berputar","wheel, disk, ring;steamship;to take turns, to rotate",CLEC 新版HSK考试大纲,https://hsk.cn-bj.ufileos.com/3.0/%E6%96%B0%E7%89%88HSK%E8%80%83%E8%AF%95%E5%A4%A7%E7%BA%B21219.pdf,2025-11,2026-08-11
hsk3-4-0496,轮船,lúnchuán,"kapal uap, steamer;KP:艘","steamship, steamer, steamboat",CLEC 新版HSK考试大纲,https://hsk.cn-bj.ufileos.com/3.0/%E6%96%B0%E7%89%88HSK%E8%80%83%E8%AF%95%E5%A4%A7%E7%BA%B21219.pdf,2025-11,2026-08-11
hsk3-4-0497,轮椅,lúnyǐ,kursi roda,wheelchair,CLEC 新版HSK考试大纲,https://hsk.cn-bj.ufileos.com/3.0/%E6%96%B0%E7%89%88HSK%E8%80%83%E8%AF%95%E5%A4%A7%E7%BA%B21219.pdf,2025-11,2026-08-11
hsk3-4-0498,轮子,lúnzi,roda;(merendahkan) praktisi Falun Gong;个,wheel;(derog.) Falun Gong practitioner;个,CLEC 新版HSK考试大纲,https://hsk.cn-bj.ufileos.com/3.0/%E6%96%B0%E7%89%88HSK%E8%80%83%E8%AF%95%E5%A4%A7%E7%BA%B21219.pdf,2025-11,2026-08-11
hsk3-4-0499,论文,lùnwén,makalah;tinjauan;tesis,paper;treatise;thesis,CLEC 新版HSK考试大纲,https://hsk.cn-bj.ufileos.com/3.0/%E6%96%B0%E7%89%88HSK%E8%80%83%E8%AF%95%E5%A4%A7%E7%BA%B21219.pdf,2025-11,2026-08-11
hsk3-4-0500,落,luò,jatuh atau merosot;(matahari) terbenam;(pasang surut) surut,to fall or drop;(of the sun) to set;(of a tide) to go out,CLEC 新版HSK考试大纲,https://hsk.cn-bj.ufileos.com/3.0/%E6%96%B0%E7%89%88HSK%E8%80%83%E8%AF%95%E5%A4%A7%E7%BA%B21219.pdf,2025-11,2026-08-11
hsk3-4-0501,毛巾,máojīn,handuk;条,towel;条,CLEC 新版HSK考试大纲,https://hsk.cn-bj.ufileos.com/3.0/%E6%96%B0%E7%89%88HSK%E8%80%83%E8%AF%95%E5%A4%A7%E7%BA%B21219.pdf,2025-11,2026-08-11
hsk3-4-0502,毛衣,máoyī,sweater (wol);KP:件,(wool) sweater,CLEC 新版HSK考试大纲,https://hsk.cn-bj.ufileos.com/3.0/%E6%96%B0%E7%89%88HSK%E8%80%83%E8%AF%95%E5%A4%A7%E7%BA%B21219.pdf,2025-11,2026-08-11
hsk3-4-0503,帽子,màozi,topi;cap;(kiasan) label,hat;cap;(fig.) label,CLEC 新版HSK考试大纲,https://hsk.cn-bj.ufileos.com/3.0/%E6%96%B0%E7%89%88HSK%E8%80%83%E8%AF%95%E5%A4%A7%E7%BA%B21219.pdf,2025-11,2026-08-11
hsk3-4-0504,没错,méi cuò,benar;tentu!;yakinlah!,that's right;sure!;rest assured!,CLEC 新版HSK考试大纲,https://hsk.cn-bj.ufileos.com/3.0/%E6%96%B0%E7%89%88HSK%E8%80%83%E8%AF%95%E5%A4%A7%E7%BA%B21219.pdf,2025-11,2026-08-11
hsk3-4-0505,没法儿,méifǎr,"(percakapan) tidak bisa berbuat apa-apa tentang itu;(percakapan) tidak mungkin ..., benar-benar tidak dapat dipercaya bahwa ...","(coll.) can't do anything about it;(coll.) there's no way that ..., it's simply not credible that ...;(coll.) couldn't be (better) (i.e. simply wonderful)",CLEC 新版HSK考试大纲,https://hsk.cn-bj.ufileos.com/3.0/%E6%96%B0%E7%89%88HSK%E8%80%83%E8%AF%95%E5%A4%A7%E7%BA%B21219.pdf,2025-11,2026-08-11
hsk3-4-0506,没想到,méi xiǎngdào,tidak menyangka,didn't expect,CLEC 新版HSK考试大纲,https://hsk.cn-bj.ufileos.com/3.0/%E6%96%B0%E7%89%88HSK%E8%80%83%E8%AF%95%E5%A4%A7%E7%BA%B21219.pdf,2025-11,2026-08-11
hsk3-4-0507,美金,měijīn,"dolar Amerika, dolar AS","American dollar, US dollar",CLEC 新版HSK考试大纲,https://hsk.cn-bj.ufileos.com/3.0/%E6%96%B0%E7%89%88HSK%E8%80%83%E8%AF%95%E5%A4%A7%E7%BA%B21219.pdf,2025-11,2026-08-11
hsk3-4-0508,美女,měinǚ,wanita cantik,beautiful woman,CLEC 新版HSK考试大纲,https://hsk.cn-bj.ufileos.com/3.0/%E6%96%B0%E7%89%88HSK%E8%80%83%E8%AF%95%E5%A4%A7%E7%BA%B21219.pdf,2025-11,2026-08-11
hsk3-4-0509,梦,mèng,mimpi 场);(bentuk terikat) bermimpi,dream 场);(bound form) to dream,CLEC 新版HSK考试大纲,https://hsk.cn-bj.ufileos.com/3.0/%E6%96%B0%E7%89%88HSK%E8%80%83%E8%AF%95%E5%A4%A7%E7%BA%B21219.pdf,2025-11,2026-08-11
hsk3-4-0510,梦见,mèngjiàn,bermimpi tentang (sesuatu atau seseorang);melihat dalam mimpi,to dream about (sth or sb);to see in a dream,CLEC 新版HSK考试大纲,https://hsk.cn-bj.ufileos.com/3.0/%E6%96%B0%E7%89%88HSK%E8%80%83%E8%AF%95%E5%A4%A7%E7%BA%B21219.pdf,2025-11,2026-08-11
hsk3-4-0511,梦想,mèngxiǎng,(kiasan) bercita-cita;mimpi,(fig.) to dream of;dream,CLEC 新版HSK考试大纲,https://hsk.cn-bj.ufileos.com/3.0/%E6%96%B0%E7%89%88HSK%E8%80%83%E8%AF%95%E5%A4%A7%E7%BA%B21219.pdf,2025-11,2026-08-11
hsk3-4-0512,秘密,mìmì,"rahasia, pribadi, rahasia, sembunyi-sembunyi;suatu rahasia","secret, private, confidential, clandestine;a secret",CLEC 新版HSK考试大纲,https://hsk.cn-bj.ufileos.com/3.0/%E6%96%B0%E7%89%88HSK%E8%80%83%E8%AF%95%E5%A4%A7%E7%BA%B21219.pdf,2025-11,2026-08-11
hsk3-4-0513,秘书,mìshū,sekretaris,secretary,CLEC 新版HSK考试大纲,https://hsk.cn-bj.ufileos.com/3.0/%E6%96%B0%E7%89%88HSK%E8%80%83%E8%AF%95%E5%A4%A7%E7%BA%B21219.pdf,2025-11,2026-08-11
hsk3-4-0514,密,mì,"padat, rapat, tebal;akrab, dekat;rahasia, konfidensial","dense, close, thick;intimate, close;(bound form) secret, confidential",CLEC 新版HSK考试大纲,https://hsk.cn-bj.ufileos.com/3.0/%E6%96%B0%E7%89%88HSK%E8%80%83%E8%AF%95%E5%A4%A7%E7%BA%B21219.pdf,2025-11,2026-08-11
hsk3-4-0515,密码,mìmǎ,"sandi, kode rahasia;kata sandi, PIN","cipher, secret code;password, PIN",CLEC 新版HSK考试大纲,https://hsk.cn-bj.ufileos.com/3.0/%E6%96%B0%E7%89%88HSK%E8%80%83%E8%AF%95%E5%A4%A7%E7%BA%B21219.pdf,2025-11,2026-08-11
hsk3-4-0516,密切,mìqiè,"dekat, intim;memperkuat (ikatan, kerja sama, dll);secara dekat, dengan tekun, dengan hati-hati","close, intimate;to strengthen (ties, cooperation etc);closely, intently, carefully",CLEC 新版HSK考试大纲,https://hsk.cn-bj.ufileos.com/3.0/%E6%96%B0%E7%89%88HSK%E8%80%83%E8%AF%95%E5%A4%A7%E7%BA%B21219.pdf,2025-11,2026-08-11
hsk3-4-0517,免费,miǎnfèi,gratis (tanpa biaya),free (of charge),CLEC 新版HSK考试大纲,https://hsk.cn-bj.ufileos.com/3.0/%E6%96%B0%E7%89%88HSK%E8%80%83%E8%AF%95%E5%A4%A7%E7%BA%B21219.pdf,2025-11,2026-08-11
hsk3-4-0518,面临,miànlín,"menghadapi sesuatu, dihadapkan pada","to face sth, to be confronted with",CLEC 新版HSK考试大纲,https://hsk.cn-bj.ufileos.com/3.0/%E6%96%B0%E7%89%88HSK%E8%80%83%E8%AF%95%E5%A4%A7%E7%BA%B21219.pdf,2025-11,2026-08-11
hsk3-4-0519,面试,miànshì,diwawancarai (sebagai kandidat);wawancara,to be interviewed (as a candidate);interview,CLEC 新版HSK考试大纲,https://hsk.cn-bj.ufileos.com/3.0/%E6%96%B0%E7%89%88HSK%E8%80%83%E8%AF%95%E5%A4%A7%E7%BA%B21219.pdf,2025-11,2026-08-11
hsk3-4-0520,描述,miáoshù,menggambarkan;deskripsi,to describe;description,CLEC 新版HSK考试大纲,https://hsk.cn-bj.ufileos.com/3.0/%E6%96%B0%E7%89%88HSK%E8%80%83%E8%AF%95%E5%A4%A7%E7%BA%B21219.pdf,2025-11,2026-08-11
hsk3-4-0521,描写,miáoxiě,"untuk menggambarkan, untuk melukiskan;penggambaran, potret","to describe, to depict, to portray;depiction, portrayal",CLEC 新版HSK考试大纲,https://hsk.cn-bj.ufileos.com/3.0/%E6%96%B0%E7%89%88HSK%E8%80%83%E8%AF%95%E5%A4%A7%E7%BA%B21219.pdf,2025-11,2026-08-11
hsk3-4-0522,名牌儿,míngpáir,bentuk erhua dari 名牌,erhua form of 名牌,CLEC 新版HSK考试大纲,https://hsk.cn-bj.ufileos.com/3.0/%E6%96%B0%E7%89%88HSK%E8%80%83%E8%AF%95%E5%A4%A7%E7%BA%B21219.pdf,2025-11,2026-08-11
hsk3-4-0523,名片,míngpiàn,kartu (bisnis),(business) card,CLEC 新版HSK考试大纲,https://hsk.cn-bj.ufileos.com/3.0/%E6%96%B0%E7%89%88HSK%E8%80%83%E8%AF%95%E5%A4%A7%E7%BA%B21219.pdf,2025-11,2026-08-11
hsk3-4-0524,名人,míngrén,tokoh;selebriti,personage;celebrity,CLEC 新版HSK考试大纲,https://hsk.cn-bj.ufileos.com/3.0/%E6%96%B0%E7%89%88HSK%E8%80%83%E8%AF%95%E5%A4%A7%E7%BA%B21219.pdf,2025-11,2026-08-11
hsk3-4-0525,摸,mō,merasakan dengan tangan;menyentuh;mengelus,to feel with the hand;to touch;to stroke,CLEC 新版HSK考试大纲,https://hsk.cn-bj.ufileos.com/3.0/%E6%96%B0%E7%89%88HSK%E8%80%83%E8%AF%95%E5%A4%A7%E7%BA%B21219.pdf,2025-11,2026-08-11
hsk3-4-0526,模特儿,mótèr,model (mode) (kata pinjaman),(fashion) model (loanword),CLEC 新版HSK考试大纲,https://hsk.cn-bj.ufileos.com/3.0/%E6%96%B0%E7%89%88HSK%E8%80%83%E8%AF%95%E5%A4%A7%E7%BA%B21219.pdf,2025-11,2026-08-11
hsk3-4-0527,模型,móxíng,model;cetakan;matriks,model;mold;matrix,CLEC 新版HSK考试大纲,https://hsk.cn-bj.ufileos.com/3.0/%E6%96%B0%E7%89%88HSK%E8%80%83%E8%AF%95%E5%A4%A7%E7%BA%B21219.pdf,2025-11,2026-08-11
hsk3-4-0528,末,mò,ujung;akhir;tahap akhir,tip;end;final stage,CLEC 新版HSK考试大纲,https://hsk.cn-bj.ufileos.com/3.0/%E6%96%B0%E7%89%88HSK%E8%80%83%E8%AF%95%E5%A4%A7%E7%BA%B21219.pdf,2025-11,2026-08-11
hsk3-4-0529,默默,mòmò,"dalam diam, tidak berbicara","in silence, not speaking",CLEC 新版HSK考试大纲,https://hsk.cn-bj.ufileos.com/3.0/%E6%96%B0%E7%89%88HSK%E8%80%83%E8%AF%95%E5%A4%A7%E7%BA%B21219.pdf,2025-11,2026-08-11
hsk3-4-0530,哪怕,nǎpà,bahkan;bahkan jika;tidak peduli seberapa,even;even if;even though,CLEC 新版HSK考试大纲,https://hsk.cn-bj.ufileos.com/3.0/%E6%96%B0%E7%89%88HSK%E8%80%83%E8%AF%95%E5%A4%A7%E7%BA%B21219.pdf,2025-11,2026-08-11
hsk3-4-0531,哪,na,"(partikel di akhir kalimat yang bersifat penekanan, digunakan sebagai pengganti 啊 setelah kata yang berakhiran ""n"")","(emphatic sentence-final particle, used instead of 啊 after a word ending in ""n"")",CLEC 新版HSK考试大纲,https://hsk.cn-bj.ufileos.com/3.0/%E6%96%B0%E7%89%88HSK%E8%80%83%E8%AF%95%E5%A4%A7%E7%BA%B21219.pdf,2025-11,2026-08-11
hsk3-4-0532,男女,nánnǚ,laki-laki-perempuan;laki-laki dan perempuan,male-female;male and female,CLEC 新版HSK考试大纲,https://hsk.cn-bj.ufileos.com/3.0/%E6%96%B0%E7%89%88HSK%E8%80%83%E8%AF%95%E5%A4%A7%E7%BA%B21219.pdf,2025-11,2026-08-11
hsk3-4-0533,男士,nánshì,pria;tuan,man;gentleman,CLEC 新版HSK考试大纲,https://hsk.cn-bj.ufileos.com/3.0/%E6%96%B0%E7%89%88HSK%E8%80%83%E8%AF%95%E5%A4%A7%E7%BA%B21219.pdf,2025-11,2026-08-11
hsk3-4-0534,难免,nánmiǎn,sulit dihindari;sulit melarikan diri dari;akan tak terhindarkan,hard to avoid;difficult to escape from;will inevitably,CLEC 新版HSK考试大纲,https://hsk.cn-bj.ufileos.com/3.0/%E6%96%B0%E7%89%88HSK%E8%80%83%E8%AF%95%E5%A4%A7%E7%BA%B21219.pdf,2025-11,2026-08-11
hsk3-4-0535,脑袋,nǎodai,kepala;tengkorak;otak,head;skull;brains,CLEC 新版HSK考试大纲,https://hsk.cn-bj.ufileos.com/3.0/%E6%96%B0%E7%89%88HSK%E8%80%83%E8%AF%95%E5%A4%A7%E7%BA%B21219.pdf,2025-11,2026-08-11
hsk3-4-0536,闹,nào,berisik;hiruk pikuk;membuat keributan,noisy;cacophonous;to make noise,CLEC 新版HSK考试大纲,https://hsk.cn-bj.ufileos.com/3.0/%E6%96%B0%E7%89%88HSK%E8%80%83%E8%AF%95%E5%A4%A7%E7%BA%B21219.pdf,2025-11,2026-08-11
hsk3-4-0537,闹钟,nàozhōng,jam weker,alarm clock,CLEC 新版HSK考试大纲,https://hsk.cn-bj.ufileos.com/3.0/%E6%96%B0%E7%89%88HSK%E8%80%83%E8%AF%95%E5%A4%A7%E7%BA%B21219.pdf,2025-11,2026-08-11
hsk3-4-0538,内部,nèibù,"interior;bagian dalam (bagian, seksi);internal","interior;inside (part, section);internal",CLEC 新版HSK考试大纲,https://hsk.cn-bj.ufileos.com/3.0/%E6%96%B0%E7%89%88HSK%E8%80%83%E8%AF%95%E5%A4%A7%E7%BA%B21219.pdf,2025-11,2026-08-11
hsk3-4-0539,内科,nèikē,"penyakit dalam, pengobatan umum","internal medicine, general medicine",CLEC 新版HSK考试大纲,https://hsk.cn-bj.ufileos.com/3.0/%E6%96%B0%E7%89%88HSK%E8%80%83%E8%AF%95%E5%A4%A7%E7%BA%B21219.pdf,2025-11,2026-08-11
hsk3-4-0540,能干,nénggàn,cakap;kompeten,capable;competent,CLEC 新版HSK考试大纲,https://hsk.cn-bj.ufileos.com/3.0/%E6%96%B0%E7%89%88HSK%E8%80%83%E8%AF%95%E5%A4%A7%E7%BA%B21219.pdf,2025-11,2026-08-11
hsk3-4-0541,宁静,níngjìng,tenang;ketenangan;kedamaian,tranquil;tranquility;serenity,CLEC 新版HSK考试大纲,https://hsk.cn-bj.ufileos.com/3.0/%E6%96%B0%E7%89%88HSK%E8%80%83%E8%AF%95%E5%A4%A7%E7%BA%B21219.pdf,2025-11,2026-08-11
hsk3-4-0542,浓,nóng,pekat;padat;kuat (bau dll),concentrated;dense;strong (smell etc),CLEC 新版HSK考试大纲,https://hsk.cn-bj.ufileos.com/3.0/%E6%96%B0%E7%89%88HSK%E8%80%83%E8%AF%95%E5%A4%A7%E7%BA%B21219.pdf,2025-11,2026-08-11
hsk3-4-0543,女士,nǚshì,"Nona;Ibu;个,位","lady;madam;个,位",CLEC 新版HSK考试大纲,https://hsk.cn-bj.ufileos.com/3.0/%E6%96%B0%E7%89%88HSK%E8%80%83%E8%AF%95%E5%A4%A7%E7%BA%B21219.pdf,2025-11,2026-08-11
hsk3-4-0544,暖气,nuǎnqì,pemanasan sentral;pemanas;udara hangat,central heating;heater;warm air,CLEC 新版HSK考试大纲,https://hsk.cn-bj.ufileos.com/3.0/%E6%96%B0%E7%89%88HSK%E8%80%83%E8%AF%95%E5%A4%A7%E7%BA%B21219.pdf,2025-11,2026-08-11
hsk3-4-0545,拍照,pāizhào,mengambil foto,to take a picture,CLEC 新版HSK考试大纲,https://hsk.cn-bj.ufileos.com/3.0/%E6%96%B0%E7%89%88HSK%E8%80%83%E8%AF%95%E5%A4%A7%E7%BA%B21219.pdf,2025-11,2026-08-11
hsk3-4-0546,排列,páiliè,mengatur dalam urutan;(matematika) permutasi,to arrange in order;(math.) permutation,CLEC 新版HSK考试大纲,https://hsk.cn-bj.ufileos.com/3.0/%E6%96%B0%E7%89%88HSK%E8%80%83%E8%AF%95%E5%A4%A7%E7%BA%B21219.pdf,2025-11,2026-08-11
hsk3-4-0547,牌,pái,"papan tanda, plakat, piring, tablet 块);merek, merek dagang;ubin mahjong, domino, kartu remi 张)","signboard, plaque, plate, tablet 块);brand, trademark;mahjong tile, domino, playing card 张)",CLEC 新版HSK考试大纲,https://hsk.cn-bj.ufileos.com/3.0/%E6%96%B0%E7%89%88HSK%E8%80%83%E8%AF%95%E5%A4%A7%E7%BA%B21219.pdf,2025-11,2026-08-11
hsk3-4-0548,盘,pán,"baki, piring, hidangan;(keuangan) (bentuk terikat) harga pasar;(komputasi) (bentuk terikat) disk","tray, plate, dish;(finance) (bound form) market prices;(computing) (bound form) disk",CLEC 新版HSK考试大纲,https://hsk.cn-bj.ufileos.com/3.0/%E6%96%B0%E7%89%88HSK%E8%80%83%E8%AF%95%E5%A4%A7%E7%BA%B21219.pdf,2025-11,2026-08-11
hsk3-4-0549,盘子,pánzi,nampan;piring;mangkuk,tray;plate;dish,CLEC 新版HSK考试大纲,https://hsk.cn-bj.ufileos.com/3.0/%E6%96%B0%E7%89%88HSK%E8%80%83%E8%AF%95%E5%A4%A7%E7%BA%B21219.pdf,2025-11,2026-08-11
hsk3-4-0550,胖子,pàngzi,orang gemuk;si gendut,fat person;fatty,CLEC 新版HSK考试大纲,https://hsk.cn-bj.ufileos.com/3.0/%E6%96%B0%E7%89%88HSK%E8%80%83%E8%AF%95%E5%A4%A7%E7%BA%B21219.pdf,2025-11,2026-08-11
hsk3-4-0551,培训,péixùn,mengolah;melatih;mempersiapkan,to cultivate;to train;to groom,CLEC 新版HSK考试大纲,https://hsk.cn-bj.ufileos.com/3.0/%E6%96%B0%E7%89%88HSK%E8%80%83%E8%AF%95%E5%A4%A7%E7%BA%B21219.pdf,2025-11,2026-08-11
hsk3-4-0552,培训班,péixùnbān,kelas pelatihan,training class,CLEC 新版HSK考试大纲,https://hsk.cn-bj.ufileos.com/3.0/%E6%96%B0%E7%89%88HSK%E8%80%83%E8%AF%95%E5%A4%A7%E7%BA%B21219.pdf,2025-11,2026-08-11
hsk3-4-0553,培养,péiyǎng,mengolah;membiakkan;membina,to cultivate;to breed;to foster,CLEC 新版HSK考试大纲,https://hsk.cn-bj.ufileos.com/3.0/%E6%96%B0%E7%89%88HSK%E8%80%83%E8%AF%95%E5%A4%A7%E7%BA%B21219.pdf,2025-11,2026-08-11
hsk3-4-0554,培育,péiyù,melatih;membiakkan,to train;to breed,CLEC 新版HSK考试大纲,https://hsk.cn-bj.ufileos.com/3.0/%E6%96%B0%E7%89%88HSK%E8%80%83%E8%AF%95%E5%A4%A7%E7%BA%B21219.pdf,2025-11,2026-08-11
hsk3-4-0555,批,pī,memastikan;bertindak atas;mengkritik,to ascertain;to act on;to criticize,CLEC 新版HSK考试大纲,https://hsk.cn-bj.ufileos.com/3.0/%E6%96%B0%E7%89%88HSK%E8%80%83%E8%AF%95%E5%A4%A7%E7%BA%B21219.pdf,2025-11,2026-08-11
hsk3-4-0556,批,pī,"klasifikasi untuk kumpulan, banyak, penerbangan militer;tingkat (untuk peringkat universitas dan perguruan tinggi)","classifier for batches, lots, military flights;tier (for the ranking of universities and colleges)",CLEC 新版HSK考试大纲,https://hsk.cn-bj.ufileos.com/3.0/%E6%96%B0%E7%89%88HSK%E8%80%83%E8%AF%95%E5%A4%A7%E7%BA%B21219.pdf,2025-11,2026-08-11
hsk3-4-0557,片面,piànmiàn,unilateral;satu sisi,unilateral;one-sided,CLEC 新版HSK考试大纲,https://hsk.cn-bj.ufileos.com/3.0/%E6%96%B0%E7%89%88HSK%E8%80%83%E8%AF%95%E5%A4%A7%E7%BA%B21219.pdf,2025-11,2026-08-11
hsk3-4-0558,品质,pǐnzhì,"karakter;kualitas intrinsik (seseorang);kualitas (suatu produk atau layanan, atau seperti dalam ""kualitas hidup"", ""kualitas udara"" dll)","character;intrinsic quality (of a person);quality (of a product or service, or as in ""quality of life"", ""air quality"" etc)",CLEC 新版HSK考试大纲,https://hsk.cn-bj.ufileos.com/3.0/%E6%96%B0%E7%89%88HSK%E8%80%83%E8%AF%95%E5%A4%A7%E7%BA%B21219.pdf,2025-11,2026-08-11
hsk3-4-0559,平方,píngfāng,"persegi (seperti dalam kaki persegi, mil persegi, akar kuadrat)","square (as in square foot, square mile, square root)",CLEC 新版HSK考试大纲,https://hsk.cn-bj.ufileos.com/3.0/%E6%96%B0%E7%89%88HSK%E8%80%83%E8%AF%95%E5%A4%A7%E7%BA%B21219.pdf,2025-11,2026-08-11
hsk3-4-0560,平静,píngjìng,"tenang, damai, tenteram","calm, tranquil, serene",CLEC 新版HSK考试大纲,https://hsk.cn-bj.ufileos.com/3.0/%E6%96%B0%E7%89%88HSK%E8%80%83%E8%AF%95%E5%A4%A7%E7%BA%B21219.pdf,2025-11,2026-08-11
hsk3-4-0561,平均,píngjūn,"rata-rata;secara merata, secara proporsional sama","average, on average;evenly, in equal proportions",CLEC 新版HSK考试大纲,https://hsk.cn-bj.ufileos.com/3.0/%E6%96%B0%E7%89%88HSK%E8%80%83%E8%AF%95%E5%A4%A7%E7%BA%B21219.pdf,2025-11,2026-08-11
hsk3-4-0562,平稳,píngwěn,"lancar, stabil","smooth, steady",CLEC 新版HSK考试大纲,https://hsk.cn-bj.ufileos.com/3.0/%E6%96%B0%E7%89%88HSK%E8%80%83%E8%AF%95%E5%A4%A7%E7%BA%B21219.pdf,2025-11,2026-08-11
hsk3-4-0563,迫切,pòqiè,mendesak,"urgent, pressing",CLEC 新版HSK考试大纲,https://hsk.cn-bj.ufileos.com/3.0/%E6%96%B0%E7%89%88HSK%E8%80%83%E8%AF%95%E5%A4%A7%E7%BA%B21219.pdf,2025-11,2026-08-11
hsk3-4-0564,破产,pòchǎn,bangkrut;menjadi miskin;kebangkrutan,to go bankrupt;to become impoverished;bankruptcy,CLEC 新版HSK考试大纲,https://hsk.cn-bj.ufileos.com/3.0/%E6%96%B0%E7%89%88HSK%E8%80%83%E8%AF%95%E5%A4%A7%E7%BA%B21219.pdf,2025-11,2026-08-11
hsk3-4-0565,妻子,qīzi,istri,wife,CLEC 新版HSK考试大纲,https://hsk.cn-bj.ufileos.com/3.0/%E6%96%B0%E7%89%88HSK%E8%80%83%E8%AF%95%E5%A4%A7%E7%BA%B21219.pdf,2025-11,2026-08-11
hsk3-4-0566,期待,qīdài,menanti-nantikan;menunggu;harapan,to look forward to;to await;expectation,CLEC 新版HSK考试大纲,https://hsk.cn-bj.ufileos.com/3.0/%E6%96%B0%E7%89%88HSK%E8%80%83%E8%AF%95%E5%A4%A7%E7%BA%B21219.pdf,2025-11,2026-08-11
hsk3-4-0567,期间,qījiān,periode waktu;waktu;periode,period of time;time;time period,CLEC 新版HSK考试大纲,https://hsk.cn-bj.ufileos.com/3.0/%E6%96%B0%E7%89%88HSK%E8%80%83%E8%AF%95%E5%A4%A7%E7%BA%B21219.pdf,2025-11,2026-08-11
hsk3-4-0568,期末,qīmò,akhir semester (di sekolah),the end of a term or semester (in school),CLEC 新版HSK考试大纲,https://hsk.cn-bj.ufileos.com/3.0/%E6%96%B0%E7%89%88HSK%E8%80%83%E8%AF%95%E5%A4%A7%E7%BA%B21219.pdf,2025-11,2026-08-11
hsk3-4-0569,期限,qīxiàn,batas waktu;tenggat waktu;waktu yang dialokasikan,time limit;deadline;allotted time,CLEC 新版HSK考试大纲,https://hsk.cn-bj.ufileos.com/3.0/%E6%96%B0%E7%89%88HSK%E8%80%83%E8%AF%95%E5%A4%A7%E7%BA%B21219.pdf,2025-11,2026-08-11
hsk3-4-0570,期中,qīzhōng,antara;tengah semester,interim;midterm,CLEC 新版HSK考试大纲,https://hsk.cn-bj.ufileos.com/3.0/%E6%96%B0%E7%89%88HSK%E8%80%83%E8%AF%95%E5%A4%A7%E7%BA%B21219.pdf,2025-11,2026-08-11
hsk3-4-0571,其余,qíyú,sisanya;yang lain;tersisa,the rest;the others;remaining,CLEC 新版HSK考试大纲,https://hsk.cn-bj.ufileos.com/3.0/%E6%96%B0%E7%89%88HSK%E8%80%83%E8%AF%95%E5%A4%A7%E7%BA%B21219.pdf,2025-11,2026-08-11
hsk3-4-0572,企业,qǐyè,"perusahaan, firma, korporasi;KP:家","company, firm, enterprise, corporation",CLEC 新版HSK考试大纲,https://hsk.cn-bj.ufileos.com/3.0/%E6%96%B0%E7%89%88HSK%E8%80%83%E8%AF%95%E5%A4%A7%E7%BA%B21219.pdf,2025-11,2026-08-11
hsk3-4-0573,气球,qìqiú,balon,balloon,CLEC 新版HSK考试大纲,https://hsk.cn-bj.ufileos.com/3.0/%E6%96%B0%E7%89%88HSK%E8%80%83%E8%AF%95%E5%A4%A7%E7%BA%B21219.pdf,2025-11,2026-08-11
hsk3-4-0574,汽水,qìshuǐ,"minuman soda, minuman ringan berkarbonasi","soda pop, carbonated soft drink",CLEC 新版HSK考试大纲,https://hsk.cn-bj.ufileos.com/3.0/%E6%96%B0%E7%89%88HSK%E8%80%83%E8%AF%95%E5%A4%A7%E7%BA%B21219.pdf,2025-11,2026-08-11
hsk3-4-0575,汽油,qìyóu,bensin,gasoline,CLEC 新版HSK考试大纲,https://hsk.cn-bj.ufileos.com/3.0/%E6%96%B0%E7%89%88HSK%E8%80%83%E8%AF%95%E5%A4%A7%E7%BA%B21219.pdf,2025-11,2026-08-11
hsk3-4-0576,器官,qìguān,"(fisiologi) organ, aparatus","(physiology) organ, apparatus",CLEC 新版HSK考试大纲,https://hsk.cn-bj.ufileos.com/3.0/%E6%96%B0%E7%89%88HSK%E8%80%83%E8%AF%95%E5%A4%A7%E7%BA%B21219.pdf,2025-11,2026-08-11
hsk3-4-0577,前头,qiántou,di depan;di kepala;di atas,in front;at the head;ahead,CLEC 新版HSK考试大纲,https://hsk.cn-bj.ufileos.com/3.0/%E6%96%B0%E7%89%88HSK%E8%80%83%E8%AF%95%E5%A4%A7%E7%BA%B21219.pdf,2025-11,2026-08-11
hsk3-4-0578,前途,qiántú,prospek;pandangan masa depan;perjalanan,prospects;future outlook;journey,CLEC 新版HSK考试大纲,https://hsk.cn-bj.ufileos.com/3.0/%E6%96%B0%E7%89%88HSK%E8%80%83%E8%AF%95%E5%A4%A7%E7%BA%B21219.pdf,2025-11,2026-08-11
hsk3-4-0579,浅,qiǎn,dangkal;pucat (warna),shallow;light (color),CLEC 新版HSK考试大纲,https://hsk.cn-bj.ufileos.com/3.0/%E6%96%B0%E7%89%88HSK%E8%80%83%E8%AF%95%E5%A4%A7%E7%BA%B21219.pdf,2025-11,2026-08-11
hsk3-4-0580,巧克力,qiǎokèlì,(serapan) cokelat;块,(loanword) chocolate;块,CLEC 新版HSK考试大纲,https://hsk.cn-bj.ufileos.com/3.0/%E6%96%B0%E7%89%88HSK%E8%80%83%E8%AF%95%E5%A4%A7%E7%BA%B21219.pdf,2025-11,2026-08-11
hsk3-4-0581,切,qiē,"memotong, mengiris, mengukir;(matematika) tangensial","to cut, to slice, to carve;(math.) tangential",CLEC 新版HSK考试大纲,https://hsk.cn-bj.ufileos.com/3.0/%E6%96%B0%E7%89%88HSK%E8%80%83%E8%AF%95%E5%A4%A7%E7%BA%B21219.pdf,2025-11,2026-08-11
hsk3-4-0582,亲爱,qīn'ài,tersayang;tercinta;sayang,dear;beloved;darling,CLEC 新版HSK考试大纲,https://hsk.cn-bj.ufileos.com/3.0/%E6%96%B0%E7%89%88HSK%E8%80%83%E8%AF%95%E5%A4%A7%E7%BA%B21219.pdf,2025-11,2026-08-11
hsk3-4-0583,亲密,qīnmì,intim;dekat,intimate;close,CLEC 新版HSK考试大纲,https://hsk.cn-bj.ufileos.com/3.0/%E6%96%B0%E7%89%88HSK%E8%80%83%E8%AF%95%E5%A4%A7%E7%BA%B21219.pdf,2025-11,2026-08-11
hsk3-4-0584,青春,qīngchūn,masa muda;keremajaan,youth;youthfulness,CLEC 新版HSK考试大纲,https://hsk.cn-bj.ufileos.com/3.0/%E6%96%B0%E7%89%88HSK%E8%80%83%E8%AF%95%E5%A4%A7%E7%BA%B21219.pdf,2025-11,2026-08-11
hsk3-4-0585,轻松,qīngsōng,ringan;lembut;santai,light;gentle;relaxed,CLEC 新版HSK考试大纲,https://hsk.cn-bj.ufileos.com/3.0/%E6%96%B0%E7%89%88HSK%E8%80%83%E8%AF%95%E5%A4%A7%E7%BA%B21219.pdf,2025-11,2026-08-11
hsk3-4-0586,轻易,qīngyì,"mudah, sederhana, dengan gegabah, sembarangan","easy, simple;rashly, offhandedly",CLEC 新版HSK考试大纲,https://hsk.cn-bj.ufileos.com/3.0/%E6%96%B0%E7%89%88HSK%E8%80%83%E8%AF%95%E5%A4%A7%E7%BA%B21219.pdf,2025-11,2026-08-11
hsk3-4-0587,清醒,qīngxǐng,jernih akal;sadar;terjaga,clear-headed;sober;awake,CLEC 新版HSK考试大纲,https://hsk.cn-bj.ufileos.com/3.0/%E6%96%B0%E7%89%88HSK%E8%80%83%E8%AF%95%E5%A4%A7%E7%BA%B21219.pdf,2025-11,2026-08-11
hsk3-4-0588,情景,qíngjǐng,"pemandangan, pertunjukan, keadaan, situasi","scene, spectacle;circumstances, situation",CLEC 新版HSK考试大纲,https://hsk.cn-bj.ufileos.com/3.0/%E6%96%B0%E7%89%88HSK%E8%80%83%E8%AF%95%E5%A4%A7%E7%BA%B21219.pdf,2025-11,2026-08-11
hsk3-4-0589,穷,qióng,miskin;melarat;menggunakan,poor;destitute;to use up,CLEC 新版HSK考试大纲,https://hsk.cn-bj.ufileos.com/3.0/%E6%96%B0%E7%89%88HSK%E8%80%83%E8%AF%95%E5%A4%A7%E7%BA%B21219.pdf,2025-11,2026-08-11
hsk3-4-0590,穷人,qióngrén,orang miskin;kaum miskin,poor people;the poor,CLEC 新版HSK考试大纲,https://hsk.cn-bj.ufileos.com/3.0/%E6%96%B0%E7%89%88HSK%E8%80%83%E8%AF%95%E5%A4%A7%E7%BA%B21219.pdf,2025-11,2026-08-11
hsk3-4-0591,秋季,qiūjì,musim gugur;gugur,autumn;fall,CLEC 新版HSK考试大纲,https://hsk.cn-bj.ufileos.com/3.0/%E6%96%B0%E7%89%88HSK%E8%80%83%E8%AF%95%E5%A4%A7%E7%BA%B21219.pdf,2025-11,2026-08-11
hsk3-4-0592,趋势,qūshì,"tren, kecenderungan","trend, tendency",CLEC 新版HSK考试大纲,https://hsk.cn-bj.ufileos.com/3.0/%E6%96%B0%E7%89%88HSK%E8%80%83%E8%AF%95%E5%A4%A7%E7%BA%B21219.pdf,2025-11,2026-08-11
hsk3-4-0593,圈,quān,"lingkaran, gelang, putaran;(kiasan) lingkaran sosial, kelompok khusus, komunitas, fandom;kata penggolong untuk putaran, orbit, lap","circle, ring, loop;(fig.) social circle, niche group, community, fandom;classifier for loops, orbits, laps",CLEC 新版HSK考试大纲,https://hsk.cn-bj.ufileos.com/3.0/%E6%96%B0%E7%89%88HSK%E8%80%83%E8%AF%95%E5%A4%A7%E7%BA%B21219.pdf,2025-11,2026-08-11
hsk3-4-0594,权利,quánlì,hak (yaitu hak untuk mendapatkan sesuatu);(klasik) kekuasaan dan kekayaan,right (i.e. an entitlement to sth);(classical) power and wealth,CLEC 新版HSK考试大纲,https://hsk.cn-bj.ufileos.com/3.0/%E6%96%B0%E7%89%88HSK%E8%80%83%E8%AF%95%E5%A4%A7%E7%BA%B21219.pdf,2025-11,2026-08-11
hsk3-4-0595,却,què,varian lama dari 却,old variant of 却,CLEC 新版HSK考试大纲,https://hsk.cn-bj.ufileos.com/3.0/%E6%96%B0%E7%89%88HSK%E8%80%83%E8%AF%95%E5%A4%A7%E7%BA%B21219.pdf,2025-11,2026-08-11
hsk3-4-0596,确认,quèrèn,mengkonfirmasi;memverifikasi;konfirmasi,to confirm;to verify;confirmation,CLEC 新版HSK考试大纲,https://hsk.cn-bj.ufileos.com/3.0/%E6%96%B0%E7%89%88HSK%E8%80%83%E8%AF%95%E5%A4%A7%E7%BA%B21219.pdf,2025-11,2026-08-11
hsk3-4-0597,然而,rán'ér,"namun, tetapi, masih","however, but, yet",CLEC 新版HSK考试大纲,https://hsk.cn-bj.ufileos.com/3.0/%E6%96%B0%E7%89%88HSK%E8%80%83%E8%AF%95%E5%A4%A7%E7%BA%B21219.pdf,2025-11,2026-08-11
hsk3-4-0598,燃料,ránliào,bahan bakar,fuel,CLEC 新版HSK考试大纲,https://hsk.cn-bj.ufileos.com/3.0/%E6%96%B0%E7%89%88HSK%E8%80%83%E8%AF%95%E5%A4%A7%E7%BA%B21219.pdf,2025-11,2026-08-11
hsk3-4-0599,燃烧,ránshāo,menyala;terbakar;pembakaran,to ignite;to combust;to burn,CLEC 新版HSK考试大纲,https://hsk.cn-bj.ufileos.com/3.0/%E6%96%B0%E7%89%88HSK%E8%80%83%E8%AF%95%E5%A4%A7%E7%BA%B21219.pdf,2025-11,2026-08-11
hsk3-4-0600,热闹,rènao,ramai dengan suara dan kegembiraan;hidup,bustling with noise and excitement;lively,CLEC 新版HSK考试大纲,https://hsk.cn-bj.ufileos.com/3.0/%E6%96%B0%E7%89%88HSK%E8%80%83%E8%AF%95%E5%A4%A7%E7%BA%B21219.pdf,2025-11,2026-08-11
hsk3-4-0601,热心,rèxīn,"antusias, bersemangat, bergairah","enthusiastic, ardent, zealous",CLEC 新版HSK考试大纲,https://hsk.cn-bj.ufileos.com/3.0/%E6%96%B0%E7%89%88HSK%E8%80%83%E8%AF%95%E5%A4%A7%E7%BA%B21219.pdf,2025-11,2026-08-11
hsk3-4-0602,人家,rénjia,"orang lain;dia, dia atau mereka;saya, aku (mengacu pada diri sendiri sebagai ""seseorang"" atau ""orang"")","other people;sb else;he, she or they",CLEC 新版HSK考试大纲,https://hsk.cn-bj.ufileos.com/3.0/%E6%96%B0%E7%89%88HSK%E8%80%83%E8%AF%95%E5%A4%A7%E7%BA%B21219.pdf,2025-11,2026-08-11
hsk3-4-0603,日记,rìjì,"buku harian;则,本,篇","diary;则,本,篇",CLEC 新版HSK考试大纲,https://hsk.cn-bj.ufileos.com/3.0/%E6%96%B0%E7%89%88HSK%E8%80%83%E8%AF%95%E5%A4%A7%E7%BA%B21219.pdf,2025-11,2026-08-11
hsk3-4-0604,日历,rìlì,"kalender;张,本","calendar;张,本",CLEC 新版HSK考试大纲,https://hsk.cn-bj.ufileos.com/3.0/%E6%96%B0%E7%89%88HSK%E8%80%83%E8%AF%95%E5%A4%A7%E7%BA%B21219.pdf,2025-11,2026-08-11
hsk3-4-0605,如今,rújīn,"saat ini, sekarang","nowadays, now",CLEC 新版HSK考试大纲,https://hsk.cn-bj.ufileos.com/3.0/%E6%96%B0%E7%89%88HSK%E8%80%83%E8%AF%95%E5%A4%A7%E7%BA%B21219.pdf,2025-11,2026-08-11
hsk3-4-0606,弱,ruò,"lemah, lemah lembut;muda;inferior, tidak sebaik","weak, feeble;young;inferior, not as good as",CLEC 新版HSK考试大纲,https://hsk.cn-bj.ufileos.com/3.0/%E6%96%B0%E7%89%88HSK%E8%80%83%E8%AF%95%E5%A4%A7%E7%BA%B21219.pdf,2025-11,2026-08-11
hsk3-4-0607,伞,sǎn,payung;parasol;KP:把,umbrella;parasol,CLEC 新版HSK考试大纲,https://hsk.cn-bj.ufileos.com/3.0/%E6%96%B0%E7%89%88HSK%E8%80%83%E8%AF%95%E5%A4%A7%E7%BA%B21219.pdf,2025-11,2026-08-11
hsk3-4-0608,散,sàn,variasi dari 散,to scatter;to break up (a meeting etc);to disperse,CLEC 新版HSK考试大纲,https://hsk.cn-bj.ufileos.com/3.0/%E6%96%B0%E7%89%88HSK%E8%80%83%E8%AF%95%E5%A4%A7%E7%BA%B21219.pdf,2025-11,2026-08-11
hsk3-4-0609,扫,sǎo,"menyapu (dengan sikat atau sapu);menyapu bersih, menghapus, menyingkirkan;menyapu (mata seseorang, dll) ke atas, memindai","to sweep (with a brush or broom);to sweep away, to wipe out, to get rid of;to sweep (one's eyes etc) over, to scan",CLEC 新版HSK考试大纲,https://hsk.cn-bj.ufileos.com/3.0/%E6%96%B0%E7%89%88HSK%E8%80%83%E8%AF%95%E5%A4%A7%E7%BA%B21219.pdf,2025-11,2026-08-11
hsk3-4-0610,色,sè,warna;种;tampilan,color;种;look,CLEC 新版HSK考试大纲,https://hsk.cn-bj.ufileos.com/3.0/%E6%96%B0%E7%89%88HSK%E8%80%83%E8%AF%95%E5%A4%A7%E7%BA%B21219.pdf,2025-11,2026-08-11
hsk3-4-0611,色彩,sècǎi,"warna, pewarnaan, corak;(kiasan) nuansa, karakter","tint, coloring, coloration;(fig.) flavor, character",CLEC 新版HSK考试大纲,https://hsk.cn-bj.ufileos.com/3.0/%E6%96%B0%E7%89%88HSK%E8%80%83%E8%AF%95%E5%A4%A7%E7%BA%B21219.pdf,2025-11,2026-08-11
hsk3-4-0612,森林,sēnlín,hutan;KP:片,forest,CLEC 新版HSK考试大纲,https://hsk.cn-bj.ufileos.com/3.0/%E6%96%B0%E7%89%88HSK%E8%80%83%E8%AF%95%E5%A4%A7%E7%BA%B21219.pdf,2025-11,2026-08-11
hsk3-4-0613,晒,shài,"(sinar matahari) bersinar pada;berjemur di (sinar matahari);mengeringkan (pakaian, biji-bijian, dll) di bawah sinar matahari","(of the sun) to shine on;to bask in (the sunshine);to dry (clothes, grain etc) in the sun",CLEC 新版HSK考试大纲,https://hsk.cn-bj.ufileos.com/3.0/%E6%96%B0%E7%89%88HSK%E8%80%83%E8%AF%95%E5%A4%A7%E7%BA%B21219.pdf,2025-11,2026-08-11
hsk3-4-0614,闪,shǎn,menghindar;menghindari;kabur,to dodge;to duck out of the way;to beat it,CLEC 新版HSK考试大纲,https://hsk.cn-bj.ufileos.com/3.0/%E6%96%B0%E7%89%88HSK%E8%80%83%E8%AF%95%E5%A4%A7%E7%BA%B21219.pdf,2025-11,2026-08-11
hsk3-4-0615,闪电,shǎndiàn,kilat;KP:道,lightning,CLEC 新版HSK考试大纲,https://hsk.cn-bj.ufileos.com/3.0/%E6%96%B0%E7%89%88HSK%E8%80%83%E8%AF%95%E5%A4%A7%E7%BA%B21219.pdf,2025-11,2026-08-11
hsk3-4-0616,善良,shànliáng,baik dan jujur;baik hati,good and honest;kindhearted,CLEC 新版HSK考试大纲,https://hsk.cn-bj.ufileos.com/3.0/%E6%96%B0%E7%89%88HSK%E8%80%83%E8%AF%95%E5%A4%A7%E7%BA%B21219.pdf,2025-11,2026-08-11
hsk3-4-0617,善于,shànyú,"pandai dalam, mahir dalam","to be good at, to be adept at",CLEC 新版HSK考试大纲,https://hsk.cn-bj.ufileos.com/3.0/%E6%96%B0%E7%89%88HSK%E8%80%83%E8%AF%95%E5%A4%A7%E7%BA%B21219.pdf,2025-11,2026-08-11
hsk3-4-0618,伤害,shānghài,"melukai, membahayakan","to injure, to harm",CLEC 新版HSK考试大纲,https://hsk.cn-bj.ufileos.com/3.0/%E6%96%B0%E7%89%88HSK%E8%80%83%E8%AF%95%E5%A4%A7%E7%BA%B21219.pdf,2025-11,2026-08-11
hsk3-4-0619,商务,shāngwù,urusan komersial;komersial;perdagangan,commercial affairs;commercial;commerce,CLEC 新版HSK考试大纲,https://hsk.cn-bj.ufileos.com/3.0/%E6%96%B0%E7%89%88HSK%E8%80%83%E8%AF%95%E5%A4%A7%E7%BA%B21219.pdf,2025-11,2026-08-11
hsk3-4-0620,赏,shǎng,memberikan (hadiah);memberikan (kepada bawahan);menurunkan,to bestow (a reward);to give (to an inferior);to hand down,CLEC 新版HSK考试大纲,https://hsk.cn-bj.ufileos.com/3.0/%E6%96%B0%E7%89%88HSK%E8%80%83%E8%AF%95%E5%A4%A7%E7%BA%B21219.pdf,2025-11,2026-08-11
hsk3-4-0621,上个月,shàng ge yuè,bulan lalu,last month,CLEC 新版HSK考试大纲,https://hsk.cn-bj.ufileos.com/3.0/%E6%96%B0%E7%89%88HSK%E8%80%83%E8%AF%95%E5%A4%A7%E7%BA%B21219.pdf,2025-11,2026-08-11
hsk3-4-0622,上楼,shàng lóu,naik ke atas,to go upstairs,CLEC 新版HSK考试大纲,https://hsk.cn-bj.ufileos.com/3.0/%E6%96%B0%E7%89%88HSK%E8%80%83%E8%AF%95%E5%A4%A7%E7%BA%B21219.pdf,2025-11,2026-08-11
hsk3-4-0623,上门,shàngmén,mampir;berkunjung;mengunci pintu,to drop in;to visit;to lock a door,CLEC 新版HSK考试大纲,https://hsk.cn-bj.ufileos.com/3.0/%E6%96%B0%E7%89%88HSK%E8%80%83%E8%AF%95%E5%A4%A7%E7%BA%B21219.pdf,2025-11,2026-08-11
hsk3-4-0624,烧,shāo,"membakar, membakar (api);memanaskan (di atas api), merebus (air, teh dll);menyetup","to burn, to set on fire;to heat (over a fire), to boil (water, tea etc);to braise",CLEC 新版HSK考试大纲,https://hsk.cn-bj.ufileos.com/3.0/%E6%96%B0%E7%89%88HSK%E8%80%83%E8%AF%95%E5%A4%A7%E7%BA%B21219.pdf,2025-11,2026-08-11
hsk3-4-0625,设施,shèshī,fasilitas;instalasi,facilities;installation,CLEC 新版HSK考试大纲,https://hsk.cn-bj.ufileos.com/3.0/%E6%96%B0%E7%89%88HSK%E8%80%83%E8%AF%95%E5%A4%A7%E7%BA%B21219.pdf,2025-11,2026-08-11
hsk3-4-0626,设置,shèzhì,"mendirikan, memasang","to set up, to install",CLEC 新版HSK考试大纲,https://hsk.cn-bj.ufileos.com/3.0/%E6%96%B0%E7%89%88HSK%E8%80%83%E8%AF%95%E5%A4%A7%E7%BA%B21219.pdf,2025-11,2026-08-11
hsk3-4-0627,申请,shēnqǐng,mengajukan permohonan barang;formulir aplikasi (KP:份),to apply for sth;application form (CL:份),CLEC 新版HSK考试大纲,https://hsk.cn-bj.ufileos.com/3.0/%E6%96%B0%E7%89%88HSK%E8%80%83%E8%AF%95%E5%A4%A7%E7%BA%B21219.pdf,2025-11,2026-08-11
hsk3-4-0628,身材,shēncái,tinggi badan;bentuk tubuh (tinggi dan berat);sosok,stature;build (height and weight);figure,CLEC 新版HSK考试大纲,https://hsk.cn-bj.ufileos.com/3.0/%E6%96%B0%E7%89%88HSK%E8%80%83%E8%AF%95%E5%A4%A7%E7%BA%B21219.pdf,2025-11,2026-08-11
hsk3-4-0629,身份,shēnfèn,"identitas, aspek identitas seseorang (misalnya walikota, ayah, penduduk tetap), peran, kapasitas (seperti dalam ""dalam kapasitasnya sebagai ..."" 以 + ... + 的身份)","identity, aspect of one's identity (e.g. mayor, father, permanent resident), role, capacity (as in ""in his capacity as ..."" 以 + ... + 的身份), status (social",CLEC 新版HSK考试大纲,https://hsk.cn-bj.ufileos.com/3.0/%E6%96%B0%E7%89%88HSK%E8%80%83%E8%AF%95%E5%A4%A7%E7%BA%B21219.pdf,2025-11,2026-08-11
hsk3-4-0630,身高,shēngāo,tinggi badan (orang),(a person's) height,CLEC 新版HSK考试大纲,https://hsk.cn-bj.ufileos.com/3.0/%E6%96%B0%E7%89%88HSK%E8%80%83%E8%AF%95%E5%A4%A7%E7%BA%B21219.pdf,2025-11,2026-08-11
hsk3-4-0631,深厚,shēnhòu,"dalam, mendalam","deep, profound",CLEC 新版HSK考试大纲,https://hsk.cn-bj.ufileos.com/3.0/%E6%96%B0%E7%89%88HSK%E8%80%83%E8%AF%95%E5%A4%A7%E7%BA%B21219.pdf,2025-11,2026-08-11
hsk3-4-0632,神话,shénhuà,legenda;dongeng;mitos,legend;fairy tale;myth,CLEC 新版HSK考试大纲,https://hsk.cn-bj.ufileos.com/3.0/%E6%96%B0%E7%89%88HSK%E8%80%83%E8%AF%95%E5%A4%A7%E7%BA%B21219.pdf,2025-11,2026-08-11
hsk3-4-0633,神秘,shénmì,misterius;misteri,mysterious;mystery,CLEC 新版HSK考试大纲,https://hsk.cn-bj.ufileos.com/3.0/%E6%96%B0%E7%89%88HSK%E8%80%83%E8%AF%95%E5%A4%A7%E7%BA%B21219.pdf,2025-11,2026-08-11
hsk3-4-0634,甚至,shènzhì,"bahkan, begitu rupa sehingga","even, so much so that",CLEC 新版HSK考试大纲,https://hsk.cn-bj.ufileos.com/3.0/%E6%96%B0%E7%89%88HSK%E8%80%83%E8%AF%95%E5%A4%A7%E7%BA%B21219.pdf,2025-11,2026-08-11
hsk3-4-0635,失败,shībài,kalah;gagal (misalnya eksperimen);kegagalan,to be defeated;to lose;to fail (e.g. experiments),CLEC 新版HSK考试大纲,https://hsk.cn-bj.ufileos.com/3.0/%E6%96%B0%E7%89%88HSK%E8%80%83%E8%AF%95%E5%A4%A7%E7%BA%B21219.pdf,2025-11,2026-08-11
hsk3-4-0636,失望,shīwàng,kecewa;kehilangan harapan;putus asa,disappointed;to lose hope;to despair,CLEC 新版HSK考试大纲,https://hsk.cn-bj.ufileos.com/3.0/%E6%96%B0%E7%89%88HSK%E8%80%83%E8%AF%95%E5%A4%A7%E7%BA%B21219.pdf,2025-11,2026-08-11
hsk3-4-0637,失业,shīyè,pengangguran;kehilangan pekerjaan,unemployment;to lose one's job,CLEC 新版HSK考试大纲,https://hsk.cn-bj.ufileos.com/3.0/%E6%96%B0%E7%89%88HSK%E8%80%83%E8%AF%95%E5%A4%A7%E7%BA%B21219.pdf,2025-11,2026-08-11
hsk3-4-0638,诗,shī,puisi;KP:首;sajak,poem;poetry;verse,CLEC 新版HSK考试大纲,https://hsk.cn-bj.ufileos.com/3.0/%E6%96%B0%E7%89%88HSK%E8%80%83%E8%AF%95%E5%A4%A7%E7%BA%B21219.pdf,2025-11,2026-08-11
hsk3-4-0639,诗人,shīrén,bard;penyair,bard;poet,CLEC 新版HSK考试大纲,https://hsk.cn-bj.ufileos.com/3.0/%E6%96%B0%E7%89%88HSK%E8%80%83%E8%AF%95%E5%A4%A7%E7%BA%B21219.pdf,2025-11,2026-08-11
hsk3-4-0640,湿,shī,lembap;basah,moist;wet,CLEC 新版HSK考试大纲,https://hsk.cn-bj.ufileos.com/3.0/%E6%96%B0%E7%89%88HSK%E8%80%83%E8%AF%95%E5%A4%A7%E7%BA%B21219.pdf,2025-11,2026-08-11
hsk3-4-0641,实施,shíshī,mengimplementasikan;melaksanakan,to implement;to carry out,CLEC 新版HSK考试大纲,https://hsk.cn-bj.ufileos.com/3.0/%E6%96%B0%E7%89%88HSK%E8%80%83%E8%AF%95%E5%A4%A7%E7%BA%B21219.pdf,2025-11,2026-08-11
hsk3-4-0642,实用,shíyòng,"menerapkan dalam praktik;praktis, fungsional, pragmatis, terapan (sains)","to apply in practice;practical, functional, pragmatic, applied (science)",CLEC 新版HSK考试大纲,https://hsk.cn-bj.ufileos.com/3.0/%E6%96%B0%E7%89%88HSK%E8%80%83%E8%AF%95%E5%A4%A7%E7%BA%B21219.pdf,2025-11,2026-08-11
hsk3-4-0643,食堂,shítáng,"ruang makan, kafetaria;个间","dining hall, cafeteria;个间",CLEC 新版HSK考试大纲,https://hsk.cn-bj.ufileos.com/3.0/%E6%96%B0%E7%89%88HSK%E8%80%83%E8%AF%95%E5%A4%A7%E7%BA%B21219.pdf,2025-11,2026-08-11
hsk3-4-0644,使劲,shǐjìn,mengerahkan seluruh kekuatan seseorang,to exert all one's strength,CLEC 新版HSK考试大纲,https://hsk.cn-bj.ufileos.com/3.0/%E6%96%B0%E7%89%88HSK%E8%80%83%E8%AF%95%E5%A4%A7%E7%BA%B21219.pdf,2025-11,2026-08-11
hsk3-4-0645,士兵,shìbīng,prajurit;个,soldier;个,CLEC 新版HSK考试大纲,https://hsk.cn-bj.ufileos.com/3.0/%E6%96%B0%E7%89%88HSK%E8%80%83%E8%AF%95%E5%A4%A7%E7%BA%B21219.pdf,2025-11,2026-08-11
hsk3-4-0646,市区,shìqū,distrik perkotaan;pusat kota,urban district;downtown;city center,CLEC 新版HSK考试大纲,https://hsk.cn-bj.ufileos.com/3.0/%E6%96%B0%E7%89%88HSK%E8%80%83%E8%AF%95%E5%A4%A7%E7%BA%B21219.pdf,2025-11,2026-08-11
hsk3-4-0647,似的,shìde,tampak seolah-olah;agak mirip;Taiwan dibaca,seems as if;rather like;Taiwan pr.,CLEC 新版HSK考试大纲,https://hsk.cn-bj.ufileos.com/3.0/%E6%96%B0%E7%89%88HSK%E8%80%83%E8%AF%95%E5%A4%A7%E7%BA%B21219.pdf,2025-11,2026-08-11
hsk3-4-0648,事物,shìwù,"benda, objek","thing, object",CLEC 新版HSK考试大纲,https://hsk.cn-bj.ufileos.com/3.0/%E6%96%B0%E7%89%88HSK%E8%80%83%E8%AF%95%E5%A4%A7%E7%BA%B21219.pdf,2025-11,2026-08-11
hsk3-4-0649,事先,shìxiān,sebelumnya;sebelum acara;prior,in advance;before the event;beforehand,CLEC 新版HSK考试大纲,https://hsk.cn-bj.ufileos.com/3.0/%E6%96%B0%E7%89%88HSK%E8%80%83%E8%AF%95%E5%A4%A7%E7%BA%B21219.pdf,2025-11,2026-08-11
hsk3-4-0650,试卷,shìjuàn,lembar ujian;lembar tes;KP:份张,examination paper;test paper,CLEC 新版HSK考试大纲,https://hsk.cn-bj.ufileos.com/3.0/%E6%96%B0%E7%89%88HSK%E8%80%83%E8%AF%95%E5%A4%A7%E7%BA%B21219.pdf,2025-11,2026-08-11
hsk3-4-0651,是否,shìfǒu,apakah (atau tidak);jika;apakah atau bukan,whether (or not);if;is or isn't,CLEC 新版HSK考试大纲,https://hsk.cn-bj.ufileos.com/3.0/%E6%96%B0%E7%89%88HSK%E8%80%83%E8%AF%95%E5%A4%A7%E7%BA%B21219.pdf,2025-11,2026-08-11
hsk3-4-0652,收回,shōuhuí,mendapatkan kembali;mengambil kembali;menarik kembali,to regain;to retake;to take back,CLEC 新版HSK考试大纲,https://hsk.cn-bj.ufileos.com/3.0/%E6%96%B0%E7%89%88HSK%E8%80%83%E8%AF%95%E5%A4%A7%E7%BA%B21219.pdf,2025-11,2026-08-11
hsk3-4-0653,收获,shōuhuò,memanen;mendapat;hasil panen,to harvest;to reap;to gain,CLEC 新版HSK考试大纲,https://hsk.cn-bj.ufileos.com/3.0/%E6%96%B0%E7%89%88HSK%E8%80%83%E8%AF%95%E5%A4%A7%E7%BA%B21219.pdf,2025-11,2026-08-11
hsk3-4-0654,收益,shōuyì,pendapatan;keuntungan,earnings;profit,CLEC 新版HSK考试大纲,https://hsk.cn-bj.ufileos.com/3.0/%E6%96%B0%E7%89%88HSK%E8%80%83%E8%AF%95%E5%A4%A7%E7%BA%B21219.pdf,2025-11,2026-08-11
hsk3-4-0655,手工,shǒugōng,kerajinan tangan;manual,handwork;manual,CLEC 新版HSK考试大纲,https://hsk.cn-bj.ufileos.com/3.0/%E6%96%B0%E7%89%88HSK%E8%80%83%E8%AF%95%E5%A4%A7%E7%BA%B21219.pdf,2025-11,2026-08-11
hsk3-4-0656,手里,shǒu li,di tangan;(situasi) di tangan seseorang,in hand;(a situation is) in sb's hands,CLEC 新版HSK考试大纲,https://hsk.cn-bj.ufileos.com/3.0/%E6%96%B0%E7%89%88HSK%E8%80%83%E8%AF%95%E5%A4%A7%E7%BA%B21219.pdf,2025-11,2026-08-11
hsk3-4-0657,手术,shǒushù,operasi (bedah);bedah;个,(surgical) operation;surgery;个,CLEC 新版HSK考试大纲,https://hsk.cn-bj.ufileos.com/3.0/%E6%96%B0%E7%89%88HSK%E8%80%83%E8%AF%95%E5%A4%A7%E7%BA%B21219.pdf,2025-11,2026-08-11
hsk3-4-0658,手套,shǒutào,sarung tangan;miten;双只,glove;mitten;双只,CLEC 新版HSK考试大纲,https://hsk.cn-bj.ufileos.com/3.0/%E6%96%B0%E7%89%88HSK%E8%80%83%E8%AF%95%E5%A4%A7%E7%BA%B21219.pdf,2025-11,2026-08-11
hsk3-4-0659,守,shǒu,menjaga;mempertahankan;mengawasi,to guard;to defend;to keep watch,CLEC 新版HSK考试大纲,https://hsk.cn-bj.ufileos.com/3.0/%E6%96%B0%E7%89%88HSK%E8%80%83%E8%AF%95%E5%A4%A7%E7%BA%B21219.pdf,2025-11,2026-08-11
hsk3-4-0660,首,shǒu,"kepala;ketua;pertama (kesempatan, benda dll)","head;chief;first (occasion, thing etc)",CLEC 新版HSK考试大纲,https://hsk.cn-bj.ufileos.com/3.0/%E6%96%B0%E7%89%88HSK%E8%80%83%E8%AF%95%E5%A4%A7%E7%BA%B21219.pdf,2025-11,2026-08-11
hsk3-4-0661,受不了,shòubuliǎo,tak tertahankan;tidak dapat menahan;tidak tahan,unbearable;unable to endure;can't stand,CLEC 新版HSK考试大纲,https://hsk.cn-bj.ufileos.com/3.0/%E6%96%B0%E7%89%88HSK%E8%80%83%E8%AF%95%E5%A4%A7%E7%BA%B21219.pdf,2025-11,2026-08-11
hsk3-4-0662,售货员,shòuhuòyuán,"pramuniaga, rekan penjualan, tenaga penjualan ritel","sales clerk, sales associate, retail salesperson",CLEC 新版HSK考试大纲,https://hsk.cn-bj.ufileos.com/3.0/%E6%96%B0%E7%89%88HSK%E8%80%83%E8%AF%95%E5%A4%A7%E7%BA%B21219.pdf,2025-11,2026-08-11
hsk3-4-0663,叔叔,shūshu,"adik laki-laki ayah, paman dari pihak ayah;bentuk sapaan yang digunakan anak-anak untuk laki-laki satu generasi lebih tua","father's younger brother, paternal uncle;form of address used by children for a male one generation older",CLEC 新版HSK考试大纲,https://hsk.cn-bj.ufileos.com/3.0/%E6%96%B0%E7%89%88HSK%E8%80%83%E8%AF%95%E5%A4%A7%E7%BA%B21219.pdf,2025-11,2026-08-11
hsk3-4-0664,舒适,shūshì,nyaman;lega,cozy;snug,CLEC 新版HSK考试大纲,https://hsk.cn-bj.ufileos.com/3.0/%E6%96%B0%E7%89%88HSK%E8%80%83%E8%AF%95%E5%A4%A7%E7%BA%B21219.pdf,2025-11,2026-08-11
hsk3-4-0665,熟练,shúliàn,terlatih;mahir;terampil,practiced;proficient;skilled,CLEC 新版HSK考试大纲,https://hsk.cn-bj.ufileos.com/3.0/%E6%96%B0%E7%89%88HSK%E8%80%83%E8%AF%95%E5%A4%A7%E7%BA%B21219.pdf,2025-11,2026-08-11
hsk3-4-0666,暑假,shǔjià,"liburan musim panas, 个",summer vacation;个,CLEC 新版HSK考试大纲,https://hsk.cn-bj.ufileos.com/3.0/%E6%96%B0%E7%89%88HSK%E8%80%83%E8%AF%95%E5%A4%A7%E7%BA%B21219.pdf,2025-11,2026-08-11
hsk3-4-0667,树林,shùlín,hutan;rerumputan,woods;grove;forest,CLEC 新版HSK考试大纲,https://hsk.cn-bj.ufileos.com/3.0/%E6%96%B0%E7%89%88HSK%E8%80%83%E8%AF%95%E5%A4%A7%E7%BA%B21219.pdf,2025-11,2026-08-11
hsk3-4-0668,树叶,shùyè,daun pohon,tree leaves,CLEC 新版HSK考试大纲,https://hsk.cn-bj.ufileos.com/3.0/%E6%96%B0%E7%89%88HSK%E8%80%83%E8%AF%95%E5%A4%A7%E7%BA%B21219.pdf,2025-11,2026-08-11
hsk3-4-0669,数据,shùjù,data,data,CLEC 新版HSK考试大纲,https://hsk.cn-bj.ufileos.com/3.0/%E6%96%B0%E7%89%88HSK%E8%80%83%E8%AF%95%E5%A4%A7%E7%BA%B21219.pdf,2025-11,2026-08-11
hsk3-4-0670,数码,shùmǎ,angka;digital;jumlah,number;numerals;figures,CLEC 新版HSK考试大纲,https://hsk.cn-bj.ufileos.com/3.0/%E6%96%B0%E7%89%88HSK%E8%80%83%E8%AF%95%E5%A4%A7%E7%BA%B21219.pdf,2025-11,2026-08-11
hsk3-4-0671,刷,shuā,"sebuah sikat;mengecat, mengolesi;menyikat, menggosok","a brush;to paint, to daub;to brush, to scrub",CLEC 新版HSK考试大纲,https://hsk.cn-bj.ufileos.com/3.0/%E6%96%B0%E7%89%88HSK%E8%80%83%E8%AF%95%E5%A4%A7%E7%BA%B21219.pdf,2025-11,2026-08-11
hsk3-4-0672,刷牙,shuā yá,menyikat gigi,to brush one's teeth,CLEC 新版HSK考试大纲,https://hsk.cn-bj.ufileos.com/3.0/%E6%96%B0%E7%89%88HSK%E8%80%83%E8%AF%95%E5%A4%A7%E7%BA%B21219.pdf,2025-11,2026-08-11
hsk3-4-0673,刷子,shuāzi,sikat;alat gosok;KP:把,brush;scrub,CLEC 新版HSK考试大纲,https://hsk.cn-bj.ufileos.com/3.0/%E6%96%B0%E7%89%88HSK%E8%80%83%E8%AF%95%E5%A4%A7%E7%BA%B21219.pdf,2025-11,2026-08-11
hsk3-4-0674,帅,shuài,"(bentuk terikat) panglima tertinggi;(bentuk terikat) memimpin, memerintah;tampan, anggun, gagah, elegan","(bound form) commander-in-chief;(bound form) to lead, to command;handsome, graceful, dashing, elegant",CLEC 新版HSK考试大纲,https://hsk.cn-bj.ufileos.com/3.0/%E6%96%B0%E7%89%88HSK%E8%80%83%E8%AF%95%E5%A4%A7%E7%BA%B21219.pdf,2025-11,2026-08-11
hsk3-4-0675,帅哥,shuàigē,"pria tampan, penakluk wanita, tampan (bentuk sapaan)",handsome guy;lady-killer;handsome (form of address),CLEC 新版HSK考试大纲,https://hsk.cn-bj.ufileos.com/3.0/%E6%96%B0%E7%89%88HSK%E8%80%83%E8%AF%95%E5%A4%A7%E7%BA%B21219.pdf,2025-11,2026-08-11
hsk3-4-0676,率先,shuàixiān,memimpin;menunjukkan inisiatif,to take the lead;to show initiative,CLEC 新版HSK考试大纲,https://hsk.cn-bj.ufileos.com/3.0/%E6%96%B0%E7%89%88HSK%E8%80%83%E8%AF%95%E5%A4%A7%E7%BA%B21219.pdf,2025-11,2026-08-11
hsk3-4-0677,睡着,shuìzháo,tertidur,to fall asleep,CLEC 新版HSK考试大纲,https://hsk.cn-bj.ufileos.com/3.0/%E6%96%B0%E7%89%88HSK%E8%80%83%E8%AF%95%E5%A4%A7%E7%BA%B21219.pdf,2025-11,2026-08-11
hsk3-4-0678,顺序,shùnxù,urutan,sequence;order,CLEC 新版HSK考试大纲,https://hsk.cn-bj.ufileos.com/3.0/%E6%96%B0%E7%89%88HSK%E8%80%83%E8%AF%95%E5%A4%A7%E7%BA%B21219.pdf,2025-11,2026-08-11
hsk3-4-0679,说不定,shuōbudìng,tidak bisa memastikan;mungkin,can't say for sure;maybe,CLEC 新版HSK考试大纲,https://hsk.cn-bj.ufileos.com/3.0/%E6%96%B0%E7%89%88HSK%E8%80%83%E8%AF%95%E5%A4%A7%E7%BA%B21219.pdf,2025-11,2026-08-11
hsk3-4-0680,说服,shuōfú,membujuk;meyakinkan;mengajak bicara seseorang,to persuade;to convince;to talk sb over,CLEC 新版HSK考试大纲,https://hsk.cn-bj.ufileos.com/3.0/%E6%96%B0%E7%89%88HSK%E8%80%83%E8%AF%95%E5%A4%A7%E7%BA%B21219.pdf,2025-11,2026-08-11
hsk3-4-0681,思考,sīkǎo,merenungkan;memikirkan,to reflect on;to ponder over,CLEC 新版HSK考试大纲,https://hsk.cn-bj.ufileos.com/3.0/%E6%96%B0%E7%89%88HSK%E8%80%83%E8%AF%95%E5%A4%A7%E7%BA%B21219.pdf,2025-11,2026-08-11
hsk3-4-0682,似乎,sìhū,"tampaknya, seolah-olah, seakan-akan","it seems, seemingly, as if",CLEC 新版HSK考试大纲,https://hsk.cn-bj.ufileos.com/3.0/%E6%96%B0%E7%89%88HSK%E8%80%83%E8%AF%95%E5%A4%A7%E7%BA%B21219.pdf,2025-11,2026-08-11
hsk3-4-0683,松,sōng,pinus;KP:棵,pine,CLEC 新版HSK考试大纲,https://hsk.cn-bj.ufileos.com/3.0/%E6%96%B0%E7%89%88HSK%E8%80%83%E8%AF%95%E5%A4%A7%E7%BA%B21219.pdf,2025-11,2026-08-11
hsk3-4-0684,松树,sōngshù,pinus;pohon pinus;KP:棵,pine;pine tree,CLEC 新版HSK考试大纲,https://hsk.cn-bj.ufileos.com/3.0/%E6%96%B0%E7%89%88HSK%E8%80%83%E8%AF%95%E5%A4%A7%E7%BA%B21219.pdf,2025-11,2026-08-11
hsk3-4-0685,塑料,sùliào,"plastik, plastik (istilah umum untuk bahan polimer sintetis)","plastic, plastics (general term for synthetic polymer materials)",CLEC 新版HSK考试大纲,https://hsk.cn-bj.ufileos.com/3.0/%E6%96%B0%E7%89%88HSK%E8%80%83%E8%AF%95%E5%A4%A7%E7%BA%B21219.pdf,2025-11,2026-08-11
hsk3-4-0686,塑料袋,sùliàodài,kantong plastik,plastic bag,CLEC 新版HSK考试大纲,https://hsk.cn-bj.ufileos.com/3.0/%E6%96%B0%E7%89%88HSK%E8%80%83%E8%AF%95%E5%A4%A7%E7%BA%B21219.pdf,2025-11,2026-08-11
hsk3-4-0687,酸,suān,asam;kecut;sedih hati,sour;tart;sick at heart,CLEC 新版HSK考试大纲,https://hsk.cn-bj.ufileos.com/3.0/%E6%96%B0%E7%89%88HSK%E8%80%83%E8%AF%95%E5%A4%A7%E7%BA%B21219.pdf,2025-11,2026-08-11
hsk3-4-0688,酸奶,suānnǎi,yogurt,yogurt,CLEC 新版HSK考试大纲,https://hsk.cn-bj.ufileos.com/3.0/%E6%96%B0%E7%89%88HSK%E8%80%83%E8%AF%95%E5%A4%A7%E7%BA%B21219.pdf,2025-11,2026-08-11
hsk3-4-0689,随手,suíshǒu,dengan mudah;tanpa susah payah tambahan;sambil melakukannya,conveniently;without extra trouble;while doing it,CLEC 新版HSK考试大纲,https://hsk.cn-bj.ufileos.com/3.0/%E6%96%B0%E7%89%88HSK%E8%80%83%E8%AF%95%E5%A4%A7%E7%BA%B21219.pdf,2025-11,2026-08-11
hsk3-4-0690,孙女,sūnnǚ,putri dari anak laki-laki;cucu perempuan,son's daughter;granddaughter,CLEC 新版HSK考试大纲,https://hsk.cn-bj.ufileos.com/3.0/%E6%96%B0%E7%89%88HSK%E8%80%83%E8%AF%95%E5%A4%A7%E7%BA%B21219.pdf,2025-11,2026-08-11
hsk3-4-0691,孙子,sūnzi,cucu laki-laki;putra dari anak laki-laki,grandson;son's son,CLEC 新版HSK考试大纲,https://hsk.cn-bj.ufileos.com/3.0/%E6%96%B0%E7%89%88HSK%E8%80%83%E8%AF%95%E5%A4%A7%E7%BA%B21219.pdf,2025-11,2026-08-11
hsk3-4-0692,缩短,suōduǎn,"memperpendek, mengurangi, mempersingkat","to shorten, to reduce, to curtail",CLEC 新版HSK考试大纲,https://hsk.cn-bj.ufileos.com/3.0/%E6%96%B0%E7%89%88HSK%E8%80%83%E8%AF%95%E5%A4%A7%E7%BA%B21219.pdf,2025-11,2026-08-11
hsk3-4-0693,缩小,suōxiǎo,"mengurangi, mengecilkan, menyusut","to reduce, to decrease, to shrink",CLEC 新版HSK考试大纲,https://hsk.cn-bj.ufileos.com/3.0/%E6%96%B0%E7%89%88HSK%E8%80%83%E8%AF%95%E5%A4%A7%E7%BA%B21219.pdf,2025-11,2026-08-11
hsk3-4-0694,台阶,táijiē,tangga;anak tangga;langkah (melewati rintangan),steps;flight of steps;step (over obstacle),CLEC 新版HSK考试大纲,https://hsk.cn-bj.ufileos.com/3.0/%E6%96%B0%E7%89%88HSK%E8%80%83%E8%AF%95%E5%A4%A7%E7%BA%B21219.pdf,2025-11,2026-08-11
hsk3-4-0695,台上,táishàng,di atas panggung,on stage,CLEC 新版HSK考试大纲,https://hsk.cn-bj.ufileos.com/3.0/%E6%96%B0%E7%89%88HSK%E8%80%83%E8%AF%95%E5%A4%A7%E7%BA%B21219.pdf,2025-11,2026-08-11
hsk3-4-0696,躺,tǎng,berbaring;tidur,to recline;to lie down,CLEC 新版HSK考试大纲,https://hsk.cn-bj.ufileos.com/3.0/%E6%96%B0%E7%89%88HSK%E8%80%83%E8%AF%95%E5%A4%A7%E7%BA%B21219.pdf,2025-11,2026-08-11
hsk3-4-0697,套餐,tàocān,"menu set;(kiasan) paket produk atau layanan (misalnya, untuk langganan ponsel)",set meal;(fig.) product or service package (e.g. for a cell phone subscription),CLEC 新版HSK考试大纲,https://hsk.cn-bj.ufileos.com/3.0/%E6%96%B0%E7%89%88HSK%E8%80%83%E8%AF%95%E5%A4%A7%E7%BA%B21219.pdf,2025-11,2026-08-11
hsk3-4-0698,特价,tèjià,harga khusus,special price,CLEC 新版HSK考试大纲,https://hsk.cn-bj.ufileos.com/3.0/%E6%96%B0%E7%89%88HSK%E8%80%83%E8%AF%95%E5%A4%A7%E7%BA%B21219.pdf,2025-11,2026-08-11
hsk3-4-0699,特殊,tèshū,khusus;tertentu;tidak biasa,special;particular;unusual,CLEC 新版HSK考试大纲,https://hsk.cn-bj.ufileos.com/3.0/%E6%96%B0%E7%89%88HSK%E8%80%83%E8%AF%95%E5%A4%A7%E7%BA%B21219.pdf,2025-11,2026-08-11
hsk3-4-0700,特征,tèzhēng,ciri khas;sifat diagnostik;fitur khas,characteristic;diagnostic property;distinctive feature,CLEC 新版HSK考试大纲,https://hsk.cn-bj.ufileos.com/3.0/%E6%96%B0%E7%89%88HSK%E8%80%83%E8%AF%95%E5%A4%A7%E7%BA%B21219.pdf,2025-11,2026-08-11
hsk3-4-0701,提供,tígōng,menawarkan;menyediakan;memberikan,to offer;to supply;to provide,CLEC 新版HSK考试大纲,https://hsk.cn-bj.ufileos.com/3.0/%E6%96%B0%E7%89%88HSK%E8%80%83%E8%AF%95%E5%A4%A7%E7%BA%B21219.pdf,2025-11,2026-08-11
hsk3-4-0702,提醒,tíxǐng,mengingatkan;menarik perhatian pada;memperingatkan tentang,to remind;to call attention to;to warn of,CLEC 新版HSK考试大纲,https://hsk.cn-bj.ufileos.com/3.0/%E6%96%B0%E7%89%88HSK%E8%80%83%E8%AF%95%E5%A4%A7%E7%BA%B21219.pdf,2025-11,2026-08-11
hsk3-4-0703,体操,tǐcāo,senam,gymnastic;gymnastics,CLEC 新版HSK考试大纲,https://hsk.cn-bj.ufileos.com/3.0/%E6%96%B0%E7%89%88HSK%E8%80%83%E8%AF%95%E5%A4%A7%E7%BA%B21219.pdf,2025-11,2026-08-11
hsk3-4-0704,体检,tǐjiǎn,singkatan dari 体格检查,abbr. for 体格检查,CLEC 新版HSK考试大纲,https://hsk.cn-bj.ufileos.com/3.0/%E6%96%B0%E7%89%88HSK%E8%80%83%E8%AF%95%E5%A4%A7%E7%BA%B21219.pdf,2025-11,2026-08-11
hsk3-4-0705,体重,tǐzhòng,berat badan,body weight,CLEC 新版HSK考试大纲,https://hsk.cn-bj.ufileos.com/3.0/%E6%96%B0%E7%89%88HSK%E8%80%83%E8%AF%95%E5%A4%A7%E7%BA%B21219.pdf,2025-11,2026-08-11
hsk3-4-0706,替,tì,menggantikan;mengambil tempat;mengganti,to substitute for;to take the place of;to replace,CLEC 新版HSK考试大纲,https://hsk.cn-bj.ufileos.com/3.0/%E6%96%B0%E7%89%88HSK%E8%80%83%E8%AF%95%E5%A4%A7%E7%BA%B21219.pdf,2025-11,2026-08-11
hsk3-4-0707,替代,tìdài,menggantikan;mengganti,to substitute for;to replace;to supersede,CLEC 新版HSK考试大纲,https://hsk.cn-bj.ufileos.com/3.0/%E6%96%B0%E7%89%88HSK%E8%80%83%E8%AF%95%E5%A4%A7%E7%BA%B21219.pdf,2025-11,2026-08-11
hsk3-4-0708,天真,tiānzhēn,naif;polos;jujur,naive;innocent;artless,CLEC 新版HSK考试大纲,https://hsk.cn-bj.ufileos.com/3.0/%E6%96%B0%E7%89%88HSK%E8%80%83%E8%AF%95%E5%A4%A7%E7%BA%B21219.pdf,2025-11,2026-08-11
hsk3-4-0709,填,tián,mengisi atau menjejalkan;(formulir dll) mengisi,to fill or stuff;(of a form etc) to fill in,CLEC 新版HSK考试大纲,https://hsk.cn-bj.ufileos.com/3.0/%E6%96%B0%E7%89%88HSK%E8%80%83%E8%AF%95%E5%A4%A7%E7%BA%B21219.pdf,2025-11,2026-08-11
hsk3-4-0710,填空,tiánkòng,"mengisi lowongan pekerjaan;mengisi bagian kosong (misalnya pada formulir, kuesioner, atau kertas ujian)","to fill a job vacancy;to fill in a blank (e.g. on a form, questionnaire or exam paper)",CLEC 新版HSK考试大纲,https://hsk.cn-bj.ufileos.com/3.0/%E6%96%B0%E7%89%88HSK%E8%80%83%E8%AF%95%E5%A4%A7%E7%BA%B21219.pdf,2025-11,2026-08-11
hsk3-4-0711,挑,tiāo,membawa dengan galah di pundak;memilih;memetik,to carry on a shoulder pole;to choose;to pick,CLEC 新版HSK考试大纲,https://hsk.cn-bj.ufileos.com/3.0/%E6%96%B0%E7%89%88HSK%E8%80%83%E8%AF%95%E5%A4%A7%E7%BA%B21219.pdf,2025-11,2026-08-11
hsk3-4-0712,挑选,tiāoxuǎn,"memilih, menyeleksi",to choose;to select,CLEC 新版HSK考试大纲,https://hsk.cn-bj.ufileos.com/3.0/%E6%96%B0%E7%89%88HSK%E8%80%83%E8%AF%95%E5%A4%A7%E7%BA%B21219.pdf,2025-11,2026-08-11
hsk3-4-0713,调皮,tiáopí,nakal;jahil;tidak patuh,naughty;mischievous;unruly,CLEC 新版HSK考试大纲,https://hsk.cn-bj.ufileos.com/3.0/%E6%96%B0%E7%89%88HSK%E8%80%83%E8%AF%95%E5%A4%A7%E7%BA%B21219.pdf,2025-11,2026-08-11
hsk3-4-0714,挑,tiǎo,mengangkat;menggali;menusuk,to raise;to dig up;to poke,CLEC 新版HSK考试大纲,https://hsk.cn-bj.ufileos.com/3.0/%E6%96%B0%E7%89%88HSK%E8%80%83%E8%AF%95%E5%A4%A7%E7%BA%B21219.pdf,2025-11,2026-08-11
hsk3-4-0715,挑战,tiǎozhàn,"menantang, menerima tantangan, sebuah tantangan","to challenge, to take on a challenge, a challenge",CLEC 新版HSK考试大纲,https://hsk.cn-bj.ufileos.com/3.0/%E6%96%B0%E7%89%88HSK%E8%80%83%E8%AF%95%E5%A4%A7%E7%BA%B21219.pdf,2025-11,2026-08-11
hsk3-4-0716,贴,tiē,menempel;menempelkan;memposting (mis. di blog),to stick;to paste;to post (e.g. on a blog),CLEC 新版HSK考试大纲,https://hsk.cn-bj.ufileos.com/3.0/%E6%96%B0%E7%89%88HSK%E8%80%83%E8%AF%95%E5%A4%A7%E7%BA%B21219.pdf,2025-11,2026-08-11
hsk3-4-0717,停下,tíngxia,berhenti,to stop,CLEC 新版HSK考试大纲,https://hsk.cn-bj.ufileos.com/3.0/%E6%96%B0%E7%89%88HSK%E8%80%83%E8%AF%95%E5%A4%A7%E7%BA%B21219.pdf,2025-11,2026-08-11
hsk3-4-0718,挺,tǐng,lurus;tegak;menonjolkan (bagian tubuh),straight;erect;to stick out (a part of the body),CLEC 新版HSK考试大纲,https://hsk.cn-bj.ufileos.com/3.0/%E6%96%B0%E7%89%88HSK%E8%80%83%E8%AF%95%E5%A4%A7%E7%BA%B21219.pdf,2025-11,2026-08-11
hsk3-4-0719,通知书,tōngzhīshū,pemberitahuan tertulis,written notice,CLEC 新版HSK考试大纲,https://hsk.cn-bj.ufileos.com/3.0/%E6%96%B0%E7%89%88HSK%E8%80%83%E8%AF%95%E5%A4%A7%E7%BA%B21219.pdf,2025-11,2026-08-11
hsk3-4-0720,同情,tóngqíng,bersimpati dengan;simpati,to sympathize with;sympathy,CLEC 新版HSK考试大纲,https://hsk.cn-bj.ufileos.com/3.0/%E6%96%B0%E7%89%88HSK%E8%80%83%E8%AF%95%E5%A4%A7%E7%BA%B21219.pdf,2025-11,2026-08-11
hsk3-4-0721,童话,tónghuà,dongeng anak-anak,children's fairy tales,CLEC 新版HSK考试大纲,https://hsk.cn-bj.ufileos.com/3.0/%E6%96%B0%E7%89%88HSK%E8%80%83%E8%AF%95%E5%A4%A7%E7%BA%B21219.pdf,2025-11,2026-08-11
hsk3-4-0722,童年,tóngnián,masa kanak-kanak,childhood,CLEC 新版HSK考试大纲,https://hsk.cn-bj.ufileos.com/3.0/%E6%96%B0%E7%89%88HSK%E8%80%83%E8%AF%95%E5%A4%A7%E7%BA%B21219.pdf,2025-11,2026-08-11
hsk3-4-0723,统计,tǒngjì,statistik;menghitung;menjumlahkan,statistics;to count;to add up,CLEC 新版HSK考试大纲,https://hsk.cn-bj.ufileos.com/3.0/%E6%96%B0%E7%89%88HSK%E8%80%83%E8%AF%95%E5%A4%A7%E7%BA%B21219.pdf,2025-11,2026-08-11
hsk3-4-0724,统一,tǒngyī,"menyatukan, mengintegrasikan;terpadu, terintegrasi","to unify, to integrate;unified, integrated",CLEC 新版HSK考试大纲,https://hsk.cn-bj.ufileos.com/3.0/%E6%96%B0%E7%89%88HSK%E8%80%83%E8%AF%95%E5%A4%A7%E7%BA%B21219.pdf,2025-11,2026-08-11
hsk3-4-0725,痛快,tòngkuài,senang;sepuas hati;terus terang,delighted;to one's heart's content;straightforward,CLEC 新版HSK考试大纲,https://hsk.cn-bj.ufileos.com/3.0/%E6%96%B0%E7%89%88HSK%E8%80%83%E8%AF%95%E5%A4%A7%E7%BA%B21219.pdf,2025-11,2026-08-11
hsk3-4-0726,投,tóu,"untuk melempar (sesuatu ke arah tertentu: bola, lembing, granat dll);untuk memberikan (suara);untuk memberikan (pandangan, bayangan dll)","to throw (sth in a specific direction: ball, javelin, grenade etc);to cast (a ballot);to cast (a glance, a shadow etc)",CLEC 新版HSK考试大纲,https://hsk.cn-bj.ufileos.com/3.0/%E6%96%B0%E7%89%88HSK%E8%80%83%E8%AF%95%E5%A4%A7%E7%BA%B21219.pdf,2025-11,2026-08-11
hsk3-4-0727,投入,tóurù,melemparkan ke;memasukkan ke;mencurahkan diri ke,to throw into;to put into;to throw oneself into,CLEC 新版HSK考试大纲,https://hsk.cn-bj.ufileos.com/3.0/%E6%96%B0%E7%89%88HSK%E8%80%83%E8%AF%95%E5%A4%A7%E7%BA%B21219.pdf,2025-11,2026-08-11
hsk3-4-0728,投诉,tóusù,untuk mengajukan keluhan,to lodge a complaint,CLEC 新版HSK考试大纲,https://hsk.cn-bj.ufileos.com/3.0/%E6%96%B0%E7%89%88HSK%E8%80%83%E8%AF%95%E5%A4%A7%E7%BA%B21219.pdf,2025-11,2026-08-11
hsk3-4-0729,投资,tóuzī,investasi;berinvestasi,investment;to invest,CLEC 新版HSK考试大纲,https://hsk.cn-bj.ufileos.com/3.0/%E6%96%B0%E7%89%88HSK%E8%80%83%E8%AF%95%E5%A4%A7%E7%BA%B21219.pdf,2025-11,2026-08-11
hsk3-4-0730,透,tòu,"(bentuk terikat) menembus, meresap melalui;memberitahu secara rahasia, bocor;sepenuhnya, dari ujung ke ujung","(bound form) to penetrate, to seep through;to tell secretly, to leak;thoroughly, through and through",CLEC 新版HSK考试大纲,https://hsk.cn-bj.ufileos.com/3.0/%E6%96%B0%E7%89%88HSK%E8%80%83%E8%AF%95%E5%A4%A7%E7%BA%B21219.pdf,2025-11,2026-08-11
hsk3-4-0731,透明,tòumíng,"transparan;(kiasan) transparan, terbuka untuk diperiksa","transparent;(fig.) transparent, open to scrutiny",CLEC 新版HSK考试大纲,https://hsk.cn-bj.ufileos.com/3.0/%E6%96%B0%E7%89%88HSK%E8%80%83%E8%AF%95%E5%A4%A7%E7%BA%B21219.pdf,2025-11,2026-08-11
hsk3-4-0732,图案,tú'àn,"desain, pola","design, pattern",CLEC 新版HSK考试大纲,https://hsk.cn-bj.ufileos.com/3.0/%E6%96%B0%E7%89%88HSK%E8%80%83%E8%AF%95%E5%A4%A7%E7%BA%B21219.pdf,2025-11,2026-08-11
hsk3-4-0733,途中,túzhōng,dalam perjalanan,en route,CLEC 新版HSK考试大纲,https://hsk.cn-bj.ufileos.com/3.0/%E6%96%B0%E7%89%88HSK%E8%80%83%E8%AF%95%E5%A4%A7%E7%BA%B21219.pdf,2025-11,2026-08-11
hsk3-4-0734,土地,tǔdì,tanah;lahan;wilayah,land;soil;territory,CLEC 新版HSK考试大纲,https://hsk.cn-bj.ufileos.com/3.0/%E6%96%B0%E7%89%88HSK%E8%80%83%E8%AF%95%E5%A4%A7%E7%BA%B21219.pdf,2025-11,2026-08-11
hsk3-4-0735,推迟,tuīchí,menunda;mengulur;menangguhkan,to postpone;to put off;to defer,CLEC 新版HSK考试大纲,https://hsk.cn-bj.ufileos.com/3.0/%E6%96%B0%E7%89%88HSK%E8%80%83%E8%AF%95%E5%A4%A7%E7%BA%B21219.pdf,2025-11,2026-08-11
hsk3-4-0736,推销,tuīxiāo,memasarkan;menjual,to market;to sell,CLEC 新版HSK考试大纲,https://hsk.cn-bj.ufileos.com/3.0/%E6%96%B0%E7%89%88HSK%E8%80%83%E8%AF%95%E5%A4%A7%E7%BA%B21219.pdf,2025-11,2026-08-11
hsk3-4-0737,脱,tuō,melepaskan;melepas;melarikan diri,to shed;to take off;to escape,CLEC 新版HSK考试大纲,https://hsk.cn-bj.ufileos.com/3.0/%E6%96%B0%E7%89%88HSK%E8%80%83%E8%AF%95%E5%A4%A7%E7%BA%B21219.pdf,2025-11,2026-08-11
hsk3-4-0738,袜子,wàzi,kaus kaki;stoking;只对双,socks;stockings;只对双,CLEC 新版HSK考试大纲,https://hsk.cn-bj.ufileos.com/3.0/%E6%96%B0%E7%89%88HSK%E8%80%83%E8%AF%95%E5%A4%A7%E7%BA%B21219.pdf,2025-11,2026-08-11
hsk3-4-0739,外汇,wàihuì,pertukaran (mata uang) asing,foreign (currency) exchange,CLEC 新版HSK考试大纲,https://hsk.cn-bj.ufileos.com/3.0/%E6%96%B0%E7%89%88HSK%E8%80%83%E8%AF%95%E5%A4%A7%E7%BA%B21219.pdf,2025-11,2026-08-11
hsk3-4-0740,外交官,wàijiāoguān,diplomat,diplomat,CLEC 新版HSK考试大纲,https://hsk.cn-bj.ufileos.com/3.0/%E6%96%B0%E7%89%88HSK%E8%80%83%E8%AF%95%E5%A4%A7%E7%BA%B21219.pdf,2025-11,2026-08-11
hsk3-4-0741,外套,wàitào,"pakaian luar, jaket, mantel;KP:件","outer garment, jacket, coat",CLEC 新版HSK考试大纲,https://hsk.cn-bj.ufileos.com/3.0/%E6%96%B0%E7%89%88HSK%E8%80%83%E8%AF%95%E5%A4%A7%E7%BA%B21219.pdf,2025-11,2026-08-11
hsk3-4-0742,弯,wān,"membengkok, bengkok, tikungan, belokan (di jalan dll), KP:道","to bend;bent;a bend, a turn (in a road etc)",CLEC 新版HSK考试大纲,https://hsk.cn-bj.ufileos.com/3.0/%E6%96%B0%E7%89%88HSK%E8%80%83%E8%AF%95%E5%A4%A7%E7%BA%B21219.pdf,2025-11,2026-08-11
hsk3-4-0743,晚点,wǎndiǎn,(kereta dll) terlambat;tertunda;tidak sesuai jadwal,(of trains etc) late;delayed;behind schedule,CLEC 新版HSK考试大纲,https://hsk.cn-bj.ufileos.com/3.0/%E6%96%B0%E7%89%88HSK%E8%80%83%E8%AF%95%E5%A4%A7%E7%BA%B21219.pdf,2025-11,2026-08-11
hsk3-4-0744,万一,wànyī,kalau-kalau;jika secara kebetulan;kontingensi,just in case;if by any chance;contingency,CLEC 新版HSK考试大纲,https://hsk.cn-bj.ufileos.com/3.0/%E6%96%B0%E7%89%88HSK%E8%80%83%E8%AF%95%E5%A4%A7%E7%BA%B21219.pdf,2025-11,2026-08-11
hsk3-4-0745,王,wáng,raja atau penguasa;terbaik atau terkuat dari jenisnya;agung,king or monarch;best or strongest of its type;grand,CLEC 新版HSK考试大纲,https://hsk.cn-bj.ufileos.com/3.0/%E6%96%B0%E7%89%88HSK%E8%80%83%E8%AF%95%E5%A4%A7%E7%BA%B21219.pdf,2025-11,2026-08-11
hsk3-4-0746,网络,wǎngluò,"jaringan (komputasi, telekomunikasi, transportasi dll)","network (computing, telecommunications, transport etc)",CLEC 新版HSK考试大纲,https://hsk.cn-bj.ufileos.com/3.0/%E6%96%B0%E7%89%88HSK%E8%80%83%E8%AF%95%E5%A4%A7%E7%BA%B21219.pdf,2025-11,2026-08-11
hsk3-4-0747,网址,wǎngzhǐ,"alamat web, URL","web address, URL",CLEC 新版HSK考试大纲,https://hsk.cn-bj.ufileos.com/3.0/%E6%96%B0%E7%89%88HSK%E8%80%83%E8%AF%95%E5%A4%A7%E7%BA%B21219.pdf,2025-11,2026-08-11
hsk3-4-0748,微笑,wēixiào,senyum;个丝;tersenyum,smile;个丝;to smile,CLEC 新版HSK考试大纲,https://hsk.cn-bj.ufileos.com/3.0/%E6%96%B0%E7%89%88HSK%E8%80%83%E8%AF%95%E5%A4%A7%E7%BA%B21219.pdf,2025-11,2026-08-11
hsk3-4-0749,微信,wēixìn,Weixin atau WeChat (layanan pesan teks dan suara seluler yang dikembangkan oleh Tencent 腾讯),Weixin or WeChat (mobile text and voice messaging service developed by Tencent 腾讯),CLEC 新版HSK考试大纲,https://hsk.cn-bj.ufileos.com/3.0/%E6%96%B0%E7%89%88HSK%E8%80%83%E8%AF%95%E5%A4%A7%E7%BA%B21219.pdf,2025-11,2026-08-11
hsk3-4-0750,围巾,wéijīn,syal;selendang;条,scarf;shawl;条,CLEC 新版HSK考试大纲,https://hsk.cn-bj.ufileos.com/3.0/%E6%96%B0%E7%89%88HSK%E8%80%83%E8%AF%95%E5%A4%A7%E7%BA%B21219.pdf,2025-11,2026-08-11
hsk3-4-0751,维持,wéichí,"menjaga, mempertahankan, melestarikan","to keep, to maintain, to preserve",CLEC 新版HSK考试大纲,https://hsk.cn-bj.ufileos.com/3.0/%E6%96%B0%E7%89%88HSK%E8%80%83%E8%AF%95%E5%A4%A7%E7%BA%B21219.pdf,2025-11,2026-08-11
hsk3-4-0752,维护,wéihù,membela;menjaga;melindungi,to defend;to safeguard;to protect,CLEC 新版HSK考试大纲,https://hsk.cn-bj.ufileos.com/3.0/%E6%96%B0%E7%89%88HSK%E8%80%83%E8%AF%95%E5%A4%A7%E7%BA%B21219.pdf,2025-11,2026-08-11
hsk3-4-0753,维修,wéixiū,pemeliharaan (peralatan);melindungi dan mempertahankan,maintenance (of equipment);to protect and maintain,CLEC 新版HSK考试大纲,https://hsk.cn-bj.ufileos.com/3.0/%E6%96%B0%E7%89%88HSK%E8%80%83%E8%AF%95%E5%A4%A7%E7%BA%B21219.pdf,2025-11,2026-08-11
hsk3-4-0754,尾巴,wěiba,ekor;bahasa sehari-hari dibaca,tail;colloquial pr.,CLEC 新版HSK考试大纲,https://hsk.cn-bj.ufileos.com/3.0/%E6%96%B0%E7%89%88HSK%E8%80%83%E8%AF%95%E5%A4%A7%E7%BA%B21219.pdf,2025-11,2026-08-11
hsk3-4-0755,未必,wèibì,belum tentu;mungkin belum,not necessarily;maybe not,CLEC 新版HSK考试大纲,https://hsk.cn-bj.ufileos.com/3.0/%E6%96%B0%E7%89%88HSK%E8%80%83%E8%AF%95%E5%A4%A7%E7%BA%B21219.pdf,2025-11,2026-08-11
hsk3-4-0756,未来,wèilái,masa depan;besok;个,future;tomorrow;个,CLEC 新版HSK考试大纲,https://hsk.cn-bj.ufileos.com/3.0/%E6%96%B0%E7%89%88HSK%E8%80%83%E8%AF%95%E5%A4%A7%E7%BA%B21219.pdf,2025-11,2026-08-11
hsk3-4-0757,位于,wèiyú,terletak di;berada di;terletak,to be located at;to be situated at;to lie,CLEC 新版HSK考试大纲,https://hsk.cn-bj.ufileos.com/3.0/%E6%96%B0%E7%89%88HSK%E8%80%83%E8%AF%95%E5%A4%A7%E7%BA%B21219.pdf,2025-11,2026-08-11
hsk3-4-0758,位置,wèizhì,posisi;tempat;kedudukan,position;place;seat,CLEC 新版HSK考试大纲,https://hsk.cn-bj.ufileos.com/3.0/%E6%96%B0%E7%89%88HSK%E8%80%83%E8%AF%95%E5%A4%A7%E7%BA%B21219.pdf,2025-11,2026-08-11
hsk3-4-0759,味儿,wèir,rasa,taste,CLEC 新版HSK考试大纲,https://hsk.cn-bj.ufileos.com/3.0/%E6%96%B0%E7%89%88HSK%E8%80%83%E8%AF%95%E5%A4%A7%E7%BA%B21219.pdf,2025-11,2026-08-11
hsk3-4-0760,喂,wèi,"hei;memberi makan (binatang, bayi, orang sakit, dll)","hey;to feed (an animal, baby, invalid etc)",CLEC 新版HSK考试大纲,https://hsk.cn-bj.ufileos.com/3.0/%E6%96%B0%E7%89%88HSK%E8%80%83%E8%AF%95%E5%A4%A7%E7%BA%B21219.pdf,2025-11,2026-08-11
hsk3-4-0761,稳,wěn,"tenang, kokoh, stabil","settled, steady, stable",CLEC 新版HSK考试大纲,https://hsk.cn-bj.ufileos.com/3.0/%E6%96%B0%E7%89%88HSK%E8%80%83%E8%AF%95%E5%A4%A7%E7%BA%B21219.pdf,2025-11,2026-08-11
hsk3-4-0762,稳定,wěndìng,stabil;mantap;stabilitas,steady;stable;stability,CLEC 新版HSK考试大纲,https://hsk.cn-bj.ufileos.com/3.0/%E6%96%B0%E7%89%88HSK%E8%80%83%E8%AF%95%E5%A4%A7%E7%BA%B21219.pdf,2025-11,2026-08-11
hsk3-4-0763,问候,wènhòu,menyampaikan hormat;mengirim salam;(kiasan) (kolo) untuk membuat referensi ofensif (kepada seseorang yang dekat dengan orang yang diajak bicara),to give one's respects;to send a greeting;(fig.) (coll.) to make offensive reference to (somebody dear to the person to whom one is speaking),CLEC 新版HSK考试大纲,https://hsk.cn-bj.ufileos.com/3.0/%E6%96%B0%E7%89%88HSK%E8%80%83%E8%AF%95%E5%A4%A7%E7%BA%B21219.pdf,2025-11,2026-08-11
hsk3-4-0764,无,wú,tidak memiliki;tidak ada;kosong,not to have;no;none,CLEC 新版HSK考试大纲,https://hsk.cn-bj.ufileos.com/3.0/%E6%96%B0%E7%89%88HSK%E8%80%83%E8%AF%95%E5%A4%A7%E7%BA%B21219.pdf,2025-11,2026-08-11
hsk3-4-0765,无法,wúfǎ,"tidak dapat, tidak mampu","unable to, incapable of",CLEC 新版HSK考试大纲,https://hsk.cn-bj.ufileos.com/3.0/%E6%96%B0%E7%89%88HSK%E8%80%83%E8%AF%95%E5%A4%A7%E7%BA%B21219.pdf,2025-11,2026-08-11
hsk3-4-0766,无聊,wúliáo,bosan;membosankan;tidak berarti,bored;boring;senseless,CLEC 新版HSK考试大纲,https://hsk.cn-bj.ufileos.com/3.0/%E6%96%B0%E7%89%88HSK%E8%80%83%E8%AF%95%E5%A4%A7%E7%BA%B21219.pdf,2025-11,2026-08-11
hsk3-4-0767,无论,wúlùn,apa pun yang terjadi atau bagaimana pun;terlepas dari apakah...,no matter what or how;regardless of whether...,CLEC 新版HSK考试大纲,https://hsk.cn-bj.ufileos.com/3.0/%E6%96%B0%E7%89%88HSK%E8%80%83%E8%AF%95%E5%A4%A7%E7%BA%B21219.pdf,2025-11,2026-08-11
hsk3-4-0768,无数,wúshù,tak terhitung;tak terhingga,countless;numberless;innumerable,CLEC 新版HSK考试大纲,https://hsk.cn-bj.ufileos.com/3.0/%E6%96%B0%E7%89%88HSK%E8%80%83%E8%AF%95%E5%A4%A7%E7%BA%B21219.pdf,2025-11,2026-08-11
hsk3-4-0769,无所谓,wúsuǒwèi,tidak peduli;tidak masalah;tidak dapat dikatakan,to be indifferent;not to matter;cannot be said to be,CLEC 新版HSK考试大纲,https://hsk.cn-bj.ufileos.com/3.0/%E6%96%B0%E7%89%88HSK%E8%80%83%E8%AF%95%E5%A4%A7%E7%BA%B21219.pdf,2025-11,2026-08-11
hsk3-4-0770,无限,wúxiàn,tak terbatas;tak terhingga,unlimited;unbounded,CLEC 新版HSK考试大纲,https://hsk.cn-bj.ufileos.com/3.0/%E6%96%B0%E7%89%88HSK%E8%80%83%E8%AF%95%E5%A4%A7%E7%BA%B21219.pdf,2025-11,2026-08-11
hsk3-4-0771,五颜六色,wǔyán-liùsè,berwarna-warni;setiap warna di bawah matahari,multicolored;every color under the sun,CLEC 新版HSK考试大纲,https://hsk.cn-bj.ufileos.com/3.0/%E6%96%B0%E7%89%88HSK%E8%80%83%E8%AF%95%E5%A4%A7%E7%BA%B21219.pdf,2025-11,2026-08-11
hsk3-4-0772,误会,wùhuì,salah paham;keliru;kesalahpahaman,to misunderstand;to mistake;misunderstanding,CLEC 新版HSK考试大纲,https://hsk.cn-bj.ufileos.com/3.0/%E6%96%B0%E7%89%88HSK%E8%80%83%E8%AF%95%E5%A4%A7%E7%BA%B21219.pdf,2025-11,2026-08-11
hsk3-4-0773,西瓜,xīguā,semangka;颗,watermelon;颗,CLEC 新版HSK考试大纲,https://hsk.cn-bj.ufileos.com/3.0/%E6%96%B0%E7%89%88HSK%E8%80%83%E8%AF%95%E5%A4%A7%E7%BA%B21219.pdf,2025-11,2026-08-11
hsk3-4-0774,吸,xī,bernapas;menghisap;menyerap,to breathe;to suck in;to absorb,CLEC 新版HSK考试大纲,https://hsk.cn-bj.ufileos.com/3.0/%E6%96%B0%E7%89%88HSK%E8%80%83%E8%AF%95%E5%A4%A7%E7%BA%B21219.pdf,2025-11,2026-08-11
hsk3-4-0775,吸管,xīguǎn,sedotan (minuman);pipet;penetes mata,(drinking) straw;pipette;eyedropper,CLEC 新版HSK考试大纲,https://hsk.cn-bj.ufileos.com/3.0/%E6%96%B0%E7%89%88HSK%E8%80%83%E8%AF%95%E5%A4%A7%E7%BA%B21219.pdf,2025-11,2026-08-11
hsk3-4-0776,吸收,xīshōu,menyerap;mengasimilasi;menelan,to absorb;to assimilate;to ingest,CLEC 新版HSK考试大纲,https://hsk.cn-bj.ufileos.com/3.0/%E6%96%B0%E7%89%88HSK%E8%80%83%E8%AF%95%E5%A4%A7%E7%BA%B21219.pdf,2025-11,2026-08-11
hsk3-4-0777,吸烟,xīyān,merokok,to smoke,CLEC 新版HSK考试大纲,https://hsk.cn-bj.ufileos.com/3.0/%E6%96%B0%E7%89%88HSK%E8%80%83%E8%AF%95%E5%A4%A7%E7%BA%B21219.pdf,2025-11,2026-08-11
hsk3-4-0778,吸引,xīyǐn,"menarik, menarik perhatian, mempesona","to attract, to appeal to, to fascinate",CLEC 新版HSK考试大纲,https://hsk.cn-bj.ufileos.com/3.0/%E6%96%B0%E7%89%88HSK%E8%80%83%E8%AF%95%E5%A4%A7%E7%BA%B21219.pdf,2025-11,2026-08-11
hsk3-4-0779,喜爱,xǐ'ài,menyukai;mencintai;gemar,to like;to love;to be fond of,CLEC 新版HSK考试大纲,https://hsk.cn-bj.ufileos.com/3.0/%E6%96%B0%E7%89%88HSK%E8%80%83%E8%AF%95%E5%A4%A7%E7%BA%B21219.pdf,2025-11,2026-08-11
hsk3-4-0780,系列,xìliè,seri;rangkaian,series;set,CLEC 新版HSK考试大纲,https://hsk.cn-bj.ufileos.com/3.0/%E6%96%B0%E7%89%88HSK%E8%80%83%E8%AF%95%E5%A4%A7%E7%BA%B21219.pdf,2025-11,2026-08-11
hsk3-4-0781,系统,xìtǒng,sistem;个,system;个,CLEC 新版HSK考试大纲,https://hsk.cn-bj.ufileos.com/3.0/%E6%96%B0%E7%89%88HSK%E8%80%83%E8%AF%95%E5%A4%A7%E7%BA%B21219.pdf,2025-11,2026-08-11
hsk3-4-0782,细,xì,tipis atau ramping;partikel halus;tipis dan lembut,thin or slender;finely particulate;thin and soft,CLEC 新版HSK考试大纲,https://hsk.cn-bj.ufileos.com/3.0/%E6%96%B0%E7%89%88HSK%E8%80%83%E8%AF%95%E5%A4%A7%E7%BA%B21219.pdf,2025-11,2026-08-11
hsk3-4-0783,细节,xìjié,"detail, perincian","details, particulars",CLEC 新版HSK考试大纲,https://hsk.cn-bj.ufileos.com/3.0/%E6%96%B0%E7%89%88HSK%E8%80%83%E8%AF%95%E5%A4%A7%E7%BA%B21219.pdf,2025-11,2026-08-11
hsk3-4-0784,细致,xìzhì,"halus, hati-hati, teliti, cermat",delicate;fine;careful,CLEC 新版HSK考试大纲,https://hsk.cn-bj.ufileos.com/3.0/%E6%96%B0%E7%89%88HSK%E8%80%83%E8%AF%95%E5%A4%A7%E7%BA%B21219.pdf,2025-11,2026-08-11
hsk3-4-0785,下个月,xià ge yuè,bulan depan,next month,CLEC 新版HSK考试大纲,https://hsk.cn-bj.ufileos.com/3.0/%E6%96%B0%E7%89%88HSK%E8%80%83%E8%AF%95%E5%A4%A7%E7%BA%B21219.pdf,2025-11,2026-08-11
hsk3-4-0786,下降,xiàjiàng,menurun;jatuh;turun,to decline;to drop;to fall,CLEC 新版HSK考试大纲,https://hsk.cn-bj.ufileos.com/3.0/%E6%96%B0%E7%89%88HSK%E8%80%83%E8%AF%95%E5%A4%A7%E7%BA%B21219.pdf,2025-11,2026-08-11
hsk3-4-0787,下楼,xià lóu,turun ke bawah,to go downstairs,CLEC 新版HSK考试大纲,https://hsk.cn-bj.ufileos.com/3.0/%E6%96%B0%E7%89%88HSK%E8%80%83%E8%AF%95%E5%A4%A7%E7%BA%B21219.pdf,2025-11,2026-08-11
hsk3-4-0788,下载,xiàzài,mengunduh;juga diucapkan,to download;also pr.,CLEC 新版HSK考试大纲,https://hsk.cn-bj.ufileos.com/3.0/%E6%96%B0%E7%89%88HSK%E8%80%83%E8%AF%95%E5%A4%A7%E7%BA%B21219.pdf,2025-11,2026-08-11
hsk3-4-0789,夏季,xiàjì,musim panas,summer,CLEC 新版HSK考试大纲,https://hsk.cn-bj.ufileos.com/3.0/%E6%96%B0%E7%89%88HSK%E8%80%83%E8%AF%95%E5%A4%A7%E7%BA%B21219.pdf,2025-11,2026-08-11
hsk3-4-0790,鲜,xiān,segar;cerah (dalam warna);lezat,fresh;bright (in color);delicious,CLEC 新版HSK考试大纲,https://hsk.cn-bj.ufileos.com/3.0/%E6%96%B0%E7%89%88HSK%E8%80%83%E8%AF%95%E5%A4%A7%E7%BA%B21219.pdf,2025-11,2026-08-11
hsk3-4-0791,鲜花,xiānhuā,bunga;bunga segar;KP:朵,flower;fresh flowers,CLEC 新版HSK考试大纲,https://hsk.cn-bj.ufileos.com/3.0/%E6%96%B0%E7%89%88HSK%E8%80%83%E8%AF%95%E5%A4%A7%E7%BA%B21219.pdf,2025-11,2026-08-11
hsk3-4-0792,鲜明,xiānmíng,"(warna) cerah, segar dan jelas;jelas, tegas","(of colors) bright, fresh and clear;clear-cut, distinct",CLEC 新版HSK考试大纲,https://hsk.cn-bj.ufileos.com/3.0/%E6%96%B0%E7%89%88HSK%E8%80%83%E8%AF%95%E5%A4%A7%E7%BA%B21219.pdf,2025-11,2026-08-11
hsk3-4-0793,咸,xián,semua;setiap orang;tiap-tiap,all;everyone;each,CLEC 新版HSK考试大纲,https://hsk.cn-bj.ufileos.com/3.0/%E6%96%B0%E7%89%88HSK%E8%80%83%E8%AF%95%E5%A4%A7%E7%BA%B21219.pdf,2025-11,2026-08-11
hsk3-4-0794,显著,xiǎnzhù,menonjol;penting;luar biasa,outstanding;notable;remarkable,CLEC 新版HSK考试大纲,https://hsk.cn-bj.ufileos.com/3.0/%E6%96%B0%E7%89%88HSK%E8%80%83%E8%AF%95%E5%A4%A7%E7%BA%B21219.pdf,2025-11,2026-08-11
hsk3-4-0795,县,xiàn,county;(Jepang) prefektur,county;(Japan) prefecture,CLEC 新版HSK考试大纲,https://hsk.cn-bj.ufileos.com/3.0/%E6%96%B0%E7%89%88HSK%E8%80%83%E8%AF%95%E5%A4%A7%E7%BA%B21219.pdf,2025-11,2026-08-11
hsk3-4-0796,限制,xiànzhì,membatasi;mempersempit;mengongkong,to restrict;to limit;to confine,CLEC 新版HSK考试大纲,https://hsk.cn-bj.ufileos.com/3.0/%E6%96%B0%E7%89%88HSK%E8%80%83%E8%AF%95%E5%A4%A7%E7%BA%B21219.pdf,2025-11,2026-08-11
hsk3-4-0797,相处,xiāngchǔ,bergaul (dengan seseorang);berasosiasi;berinteraksi,to be in contact (with sb);to associate;to interact,CLEC 新版HSK考试大纲,https://hsk.cn-bj.ufileos.com/3.0/%E6%96%B0%E7%89%88HSK%E8%80%83%E8%AF%95%E5%A4%A7%E7%BA%B21219.pdf,2025-11,2026-08-11
hsk3-4-0798,相反,xiāngfǎn,berlawanan;kontraris,opposite;contrary,CLEC 新版HSK考试大纲,https://hsk.cn-bj.ufileos.com/3.0/%E6%96%B0%E7%89%88HSK%E8%80%83%E8%AF%95%E5%A4%A7%E7%BA%B21219.pdf,2025-11,2026-08-11
hsk3-4-0799,箱,xiāng,kotak;koper;peti,box;trunk;chest,CLEC 新版HSK考试大纲,https://hsk.cn-bj.ufileos.com/3.0/%E6%96%B0%E7%89%88HSK%E8%80%83%E8%AF%95%E5%A4%A7%E7%BA%B21219.pdf,2025-11,2026-08-11
hsk3-4-0800,箱子,xiāngzi,koper;peti;kotak,suitcase;chest;box,CLEC 新版HSK考试大纲,https://hsk.cn-bj.ufileos.com/3.0/%E6%96%B0%E7%89%88HSK%E8%80%83%E8%AF%95%E5%A4%A7%E7%BA%B21219.pdf,2025-11,2026-08-11
hsk3-4-0801,想念,xiǎngniàn,"merindukan, mengingat dengan kerinduan, rindu untuk bertemu lagi",to miss;to remember with longing;to long to see again,CLEC 新版HSK考试大纲,https://hsk.cn-bj.ufileos.com/3.0/%E6%96%B0%E7%89%88HSK%E8%80%83%E8%AF%95%E5%A4%A7%E7%BA%B21219.pdf,2025-11,2026-08-11
hsk3-4-0802,想象,xiǎngxiàng,"membayangkan, mengimajinasikan, imajinasi","to imagine, to envision;imagination",CLEC 新版HSK考试大纲,https://hsk.cn-bj.ufileos.com/3.0/%E6%96%B0%E7%89%88HSK%E8%80%83%E8%AF%95%E5%A4%A7%E7%BA%B21219.pdf,2025-11,2026-08-11
hsk3-4-0803,项,xiàng,bagian belakang leher;item;benda,back of neck;item;thing,CLEC 新版HSK考试大纲,https://hsk.cn-bj.ufileos.com/3.0/%E6%96%B0%E7%89%88HSK%E8%80%83%E8%AF%95%E5%A4%A7%E7%BA%B21219.pdf,2025-11,2026-08-11
hsk3-4-0804,项目,xiàngmù,"item, proyek, (olahraga) cabang","item, project, (sports) event",CLEC 新版HSK考试大纲,https://hsk.cn-bj.ufileos.com/3.0/%E6%96%B0%E7%89%88HSK%E8%80%83%E8%AF%95%E5%A4%A7%E7%BA%B21219.pdf,2025-11,2026-08-11
hsk3-4-0805,相片,xiàngpiàn,gambar;foto;张,image;photograph;张,CLEC 新版HSK考试大纲,https://hsk.cn-bj.ufileos.com/3.0/%E6%96%B0%E7%89%88HSK%E8%80%83%E8%AF%95%E5%A4%A7%E7%BA%B21219.pdf,2025-11,2026-08-11
hsk3-4-0806,消化,xiāohuà,"mencerna (makanan);(kiasan) menyerap (informasi dll), mengasimilasi, memproses","to digest (food);(fig.) to absorb (information etc), to assimilate, to process",CLEC 新版HSK考试大纲,https://hsk.cn-bj.ufileos.com/3.0/%E6%96%B0%E7%89%88HSK%E8%80%83%E8%AF%95%E5%A4%A7%E7%BA%B21219.pdf,2025-11,2026-08-11
hsk3-4-0807,销售,xiāoshòu,"menjual;memasarkan;penjualan (perwakilan, perjanjian dll)","to sell;to market;sales (representative, agreement etc)",CLEC 新版HSK考试大纲,https://hsk.cn-bj.ufileos.com/3.0/%E6%96%B0%E7%89%88HSK%E8%80%83%E8%AF%95%E5%A4%A7%E7%BA%B21219.pdf,2025-11,2026-08-11
hsk3-4-0808,小吃,xiǎochī,"makanan jalanan, makanan ringan","street food, snack",CLEC 新版HSK考试大纲,https://hsk.cn-bj.ufileos.com/3.0/%E6%96%B0%E7%89%88HSK%E8%80%83%E8%AF%95%E5%A4%A7%E7%BA%B21219.pdf,2025-11,2026-08-11
hsk3-4-0809,小伙子,xiǎohuǒzi,"(percakapan) pemuda, anak muda, bujang","(coll.) young man, young fellow, lad",CLEC 新版HSK考试大纲,https://hsk.cn-bj.ufileos.com/3.0/%E6%96%B0%E7%89%88HSK%E8%80%83%E8%AF%95%E5%A4%A7%E7%BA%B21219.pdf,2025-11,2026-08-11
hsk3-4-0810,小型,xiǎoxíng,skala kecil;ukuran kecil,small scale;small size,CLEC 新版HSK考试大纲,https://hsk.cn-bj.ufileos.com/3.0/%E6%96%B0%E7%89%88HSK%E8%80%83%E8%AF%95%E5%A4%A7%E7%BA%B21219.pdf,2025-11,2026-08-11
hsk3-4-0811,效率,xiàolǜ,efisiensi,efficiency,CLEC 新版HSK考试大纲,https://hsk.cn-bj.ufileos.com/3.0/%E6%96%B0%E7%89%88HSK%E8%80%83%E8%AF%95%E5%A4%A7%E7%BA%B21219.pdf,2025-11,2026-08-11
hsk3-4-0812,些,xiē,"kata penggolong yang menunjukkan jumlah kecil atau angka kecil lebih besar dari 1: beberapa, sedikit, beberapa","classifier indicating a small amount or small number greater than 1: some, a few, several",CLEC 新版HSK考试大纲,https://hsk.cn-bj.ufileos.com/3.0/%E6%96%B0%E7%89%88HSK%E8%80%83%E8%AF%95%E5%A4%A7%E7%BA%B21219.pdf,2025-11,2026-08-11
hsk3-4-0813,心理,xīnlǐ,"psikologi, mentalitas","psychology, mentality",CLEC 新版HSK考试大纲,https://hsk.cn-bj.ufileos.com/3.0/%E6%96%B0%E7%89%88HSK%E8%80%83%E8%AF%95%E5%A4%A7%E7%BA%B21219.pdf,2025-11,2026-08-11
hsk3-4-0814,新郎,xīnláng,pengantin pria,"bridegroom, groom",CLEC 新版HSK考试大纲,https://hsk.cn-bj.ufileos.com/3.0/%E6%96%B0%E7%89%88HSK%E8%80%83%E8%AF%95%E5%A4%A7%E7%BA%B21219.pdf,2025-11,2026-08-11
hsk3-4-0815,新娘,xīnniáng,pengantin wanita,bride,CLEC 新版HSK考试大纲,https://hsk.cn-bj.ufileos.com/3.0/%E6%96%B0%E7%89%88HSK%E8%80%83%E8%AF%95%E5%A4%A7%E7%BA%B21219.pdf,2025-11,2026-08-11
hsk3-4-0816,新鲜,xīnxiān,"segar (pengalaman, makanan, dll.);kesegaran;baru","fresh (experience, food etc);freshness;novel",CLEC 新版HSK考试大纲,https://hsk.cn-bj.ufileos.com/3.0/%E6%96%B0%E7%89%88HSK%E8%80%83%E8%AF%95%E5%A4%A7%E7%BA%B21219.pdf,2025-11,2026-08-11
hsk3-4-0817,新型,xīnxíng,"tipe baru, jenis baru","new type, new kind",CLEC 新版HSK考试大纲,https://hsk.cn-bj.ufileos.com/3.0/%E6%96%B0%E7%89%88HSK%E8%80%83%E8%AF%95%E5%A4%A7%E7%BA%B21219.pdf,2025-11,2026-08-11
hsk3-4-0818,兴奋,xīngfèn,gembira;kegembiraan;(fisiologi) eksitasi,excited;excitement;(physiology) excitation,CLEC 新版HSK考试大纲,https://hsk.cn-bj.ufileos.com/3.0/%E6%96%B0%E7%89%88HSK%E8%80%83%E8%AF%95%E5%A4%A7%E7%BA%B21219.pdf,2025-11,2026-08-11
hsk3-4-0819,形容,xíngróng,"menggambarkan;(bentuk sastra) raut wajah, penampilan","to describe;(literary) countenance, appearance",CLEC 新版HSK考试大纲,https://hsk.cn-bj.ufileos.com/3.0/%E6%96%B0%E7%89%88HSK%E8%80%83%E8%AF%95%E5%A4%A7%E7%BA%B21219.pdf,2025-11,2026-08-11
hsk3-4-0820,形势,xíngshì,kondisi;situasi;medan,circumstances;situation;terrain,CLEC 新版HSK考试大纲,https://hsk.cn-bj.ufileos.com/3.0/%E6%96%B0%E7%89%88HSK%E8%80%83%E8%AF%95%E5%A4%A7%E7%BA%B21219.pdf,2025-11,2026-08-11
hsk3-4-0821,型,xíng,cetakan;jenis;gaya,mold;type;style,CLEC 新版HSK考试大纲,https://hsk.cn-bj.ufileos.com/3.0/%E6%96%B0%E7%89%88HSK%E8%80%83%E8%AF%95%E5%A4%A7%E7%BA%B21219.pdf,2025-11,2026-08-11
hsk3-4-0822,型号,xínghào,"model (versi tertentu dari barang pabrikan);tipe (spesifikasi produk dalam hal warna, ukuran, dll)","model (particular version of a manufactured article);type (product specification in terms of color, size etc)",CLEC 新版HSK考试大纲,https://hsk.cn-bj.ufileos.com/3.0/%E6%96%B0%E7%89%88HSK%E8%80%83%E8%AF%95%E5%A4%A7%E7%BA%B21219.pdf,2025-11,2026-08-11
hsk3-4-0823,醒,xǐng,bangun;terjaga;sadar,to wake up;to be awake;to become aware,CLEC 新版HSK考试大纲,https://hsk.cn-bj.ufileos.com/3.0/%E6%96%B0%E7%89%88HSK%E8%80%83%E8%AF%95%E5%A4%A7%E7%BA%B21219.pdf,2025-11,2026-08-11
hsk3-4-0824,兴趣,xìngqù,"ketertarikan (keinginan untuk tahu tentang sesuatu);ketertarikan (hal yang diminati), hobi","interest (desire to know about sth);interest (thing in which one is interested), hobby",CLEC 新版HSK考试大纲,https://hsk.cn-bj.ufileos.com/3.0/%E6%96%B0%E7%89%88HSK%E8%80%83%E8%AF%95%E5%A4%A7%E7%BA%B21219.pdf,2025-11,2026-08-11
hsk3-4-0825,性质,xìngzhì,sifat;karakteristik;个,nature;characteristic;个,CLEC 新版HSK考试大纲,https://hsk.cn-bj.ufileos.com/3.0/%E6%96%B0%E7%89%88HSK%E8%80%83%E8%AF%95%E5%A4%A7%E7%BA%B21219.pdf,2025-11,2026-08-11
hsk3-4-0826,兄弟,xiōngdì,saudara laki-laki;adik laki-laki;saya (istilah rendah hati yang digunakan oleh pria dalam pidato publik),brothers;younger brother;个,CLEC 新版HSK考试大纲,https://hsk.cn-bj.ufileos.com/3.0/%E6%96%B0%E7%89%88HSK%E8%80%83%E8%AF%95%E5%A4%A7%E7%BA%B21219.pdf,2025-11,2026-08-11
hsk3-4-0827,胸部,xiōngbù,dada;payudara,chest;bosom,CLEC 新版HSK考试大纲,https://hsk.cn-bj.ufileos.com/3.0/%E6%96%B0%E7%89%88HSK%E8%80%83%E8%AF%95%E5%A4%A7%E7%BA%B21219.pdf,2025-11,2026-08-11
hsk3-4-0828,修理,xiūlǐ,memperbaiki;membetulkan;memangkas,to repair;to fix;to prune,CLEC 新版HSK考试大纲,https://hsk.cn-bj.ufileos.com/3.0/%E6%96%B0%E7%89%88HSK%E8%80%83%E8%AF%95%E5%A4%A7%E7%BA%B21219.pdf,2025-11,2026-08-11
hsk3-4-0829,选择,xuǎnzé,"memilih;pilihan, opsi, alternatif","to select, to pick;choice, option, alternative",CLEC 新版HSK考试大纲,https://hsk.cn-bj.ufileos.com/3.0/%E6%96%B0%E7%89%88HSK%E8%80%83%E8%AF%95%E5%A4%A7%E7%BA%B21219.pdf,2025-11,2026-08-11
hsk3-4-0830,学分,xuéfēn,kredit mata kuliah,course credit,CLEC 新版HSK考试大纲,https://hsk.cn-bj.ufileos.com/3.0/%E6%96%B0%E7%89%88HSK%E8%80%83%E8%AF%95%E5%A4%A7%E7%BA%B21219.pdf,2025-11,2026-08-11
hsk3-4-0831,学年,xuénián,tahun akademik,academic year,CLEC 新版HSK考试大纲,https://hsk.cn-bj.ufileos.com/3.0/%E6%96%B0%E7%89%88HSK%E8%80%83%E8%AF%95%E5%A4%A7%E7%BA%B21219.pdf,2025-11,2026-08-11
hsk3-4-0832,学时,xuéshí,jam kelas;periode,class hour;period,CLEC 新版HSK考试大纲,https://hsk.cn-bj.ufileos.com/3.0/%E6%96%B0%E7%89%88HSK%E8%80%83%E8%AF%95%E5%A4%A7%E7%BA%B21219.pdf,2025-11,2026-08-11
hsk3-4-0833,学术,xuéshù,pembelajaran;sains;akademik,learning;science;academic,CLEC 新版HSK考试大纲,https://hsk.cn-bj.ufileos.com/3.0/%E6%96%B0%E7%89%88HSK%E8%80%83%E8%AF%95%E5%A4%A7%E7%BA%B21219.pdf,2025-11,2026-08-11
hsk3-4-0834,学问,xuéwen,"pembelajaran, pengetahuan, beasiswa","learning, knowledge, scholarship",CLEC 新版HSK考试大纲,https://hsk.cn-bj.ufileos.com/3.0/%E6%96%B0%E7%89%88HSK%E8%80%83%E8%AF%95%E5%A4%A7%E7%BA%B21219.pdf,2025-11,2026-08-11
hsk3-4-0835,寻找,xúnzhǎo,mencari,"to seek, to look for",CLEC 新版HSK考试大纲,https://hsk.cn-bj.ufileos.com/3.0/%E6%96%B0%E7%89%88HSK%E8%80%83%E8%AF%95%E5%A4%A7%E7%BA%B21219.pdf,2025-11,2026-08-11
hsk3-4-0836,迅速,xùnsù,cepat;kilat;kencang,rapid;speedy;fast,CLEC 新版HSK考试大纲,https://hsk.cn-bj.ufileos.com/3.0/%E6%96%B0%E7%89%88HSK%E8%80%83%E8%AF%95%E5%A4%A7%E7%BA%B21219.pdf,2025-11,2026-08-11
hsk3-4-0837,牙,yá,gigi;gading;颗,tooth;ivory;颗,CLEC 新版HSK考试大纲,https://hsk.cn-bj.ufileos.com/3.0/%E6%96%B0%E7%89%88HSK%E8%80%83%E8%AF%95%E5%A4%A7%E7%BA%B21219.pdf,2025-11,2026-08-11
hsk3-4-0838,牙刷,yáshuā,sikat gigi;KP:把,toothbrush,CLEC 新版HSK考试大纲,https://hsk.cn-bj.ufileos.com/3.0/%E6%96%B0%E7%89%88HSK%E8%80%83%E8%AF%95%E5%A4%A7%E7%BA%B21219.pdf,2025-11,2026-08-11
hsk3-4-0839,亚运会,Yàyùnhuì,Pesta Olahraga Asia,Asian Games,CLEC 新版HSK考试大纲,https://hsk.cn-bj.ufileos.com/3.0/%E6%96%B0%E7%89%88HSK%E8%80%83%E8%AF%95%E5%A4%A7%E7%BA%B21219.pdf,2025-11,2026-08-11
hsk3-4-0840,呀,ya,"(partikel yang setara dengan 啊 setelah vokal, mengungkapkan keterkejutan atau keraguan)","(particle equivalent to 啊 after a vowel, expressing surprise or doubt)",CLEC 新版HSK考试大纲,https://hsk.cn-bj.ufileos.com/3.0/%E6%96%B0%E7%89%88HSK%E8%80%83%E8%AF%95%E5%A4%A7%E7%BA%B21219.pdf,2025-11,2026-08-11
hsk3-4-0841,延长,yáncháng,memperpanjang;memperluas;menunda,to prolong;to extend;to delay,CLEC 新版HSK考试大纲,https://hsk.cn-bj.ufileos.com/3.0/%E6%96%B0%E7%89%88HSK%E8%80%83%E8%AF%95%E5%A4%A7%E7%BA%B21219.pdf,2025-11,2026-08-11
hsk3-4-0842,延期,yánqī,menunda;memperpanjang;menangguhkan,to delay;to extend;to postpone,CLEC 新版HSK考试大纲,https://hsk.cn-bj.ufileos.com/3.0/%E6%96%B0%E7%89%88HSK%E8%80%83%E8%AF%95%E5%A4%A7%E7%BA%B21219.pdf,2025-11,2026-08-11
hsk3-4-0843,延续,yánxù,melanjutkan;berlangsung;bertahan,to continue;to go on;to last,CLEC 新版HSK考试大纲,https://hsk.cn-bj.ufileos.com/3.0/%E6%96%B0%E7%89%88HSK%E8%80%83%E8%AF%95%E5%A4%A7%E7%BA%B21219.pdf,2025-11,2026-08-11
hsk3-4-0844,严,yán,ketat (tertutup rapat);keras;ketat,tight (closely sealed);stern;strict,CLEC 新版HSK考试大纲,https://hsk.cn-bj.ufileos.com/3.0/%E6%96%B0%E7%89%88HSK%E8%80%83%E8%AF%95%E5%A4%A7%E7%BA%B21219.pdf,2025-11,2026-08-11
hsk3-4-0845,严格,yángé,"ketat, keras, kaku, teliti","strict, stringent, tight, rigorous",CLEC 新版HSK考试大纲,https://hsk.cn-bj.ufileos.com/3.0/%E6%96%B0%E7%89%88HSK%E8%80%83%E8%AF%95%E5%A4%A7%E7%BA%B21219.pdf,2025-11,2026-08-11
hsk3-4-0846,严重,yánzhòng,"genting, serius, parah, kritis","grave, serious, severe, critical",CLEC 新版HSK考试大纲,https://hsk.cn-bj.ufileos.com/3.0/%E6%96%B0%E7%89%88HSK%E8%80%83%E8%AF%95%E5%A4%A7%E7%BA%B21219.pdf,2025-11,2026-08-11
hsk3-4-0847,研究,yánjiū,penelitian;sebuah studi;项,research;a study;项,CLEC 新版HSK考试大纲,https://hsk.cn-bj.ufileos.com/3.0/%E6%96%B0%E7%89%88HSK%E8%80%83%E8%AF%95%E5%A4%A7%E7%BA%B21219.pdf,2025-11,2026-08-11
hsk3-4-0848,研究生,yánjiūshēng,mahasiswa pascasarjana;mahasiswa riset,graduate student;postgraduate student;research student,CLEC 新版HSK考试大纲,https://hsk.cn-bj.ufileos.com/3.0/%E6%96%B0%E7%89%88HSK%E8%80%83%E8%AF%95%E5%A4%A7%E7%BA%B21219.pdf,2025-11,2026-08-11
hsk3-4-0849,研制,yánzhì,"meneliti dan memproduksi, meneliti dan mengembangkan","to research and manufacture, to research and to develop",CLEC 新版HSK考试大纲,https://hsk.cn-bj.ufileos.com/3.0/%E6%96%B0%E7%89%88HSK%E8%80%83%E8%AF%95%E5%A4%A7%E7%BA%B21219.pdf,2025-11,2026-08-11
hsk3-4-0850,盐,yán,garam;KP:粒,salt,CLEC 新版HSK考试大纲,https://hsk.cn-bj.ufileos.com/3.0/%E6%96%B0%E7%89%88HSK%E8%80%83%E8%AF%95%E5%A4%A7%E7%BA%B21219.pdf,2025-11,2026-08-11
hsk3-4-0851,眼镜,yǎnjìng,kacamata;pasang,spectacles;eyeglasses,CLEC 新版HSK考试大纲,https://hsk.cn-bj.ufileos.com/3.0/%E6%96%B0%E7%89%88HSK%E8%80%83%E8%AF%95%E5%A4%A7%E7%BA%B21219.pdf,2025-11,2026-08-11
hsk3-4-0852,眼泪,yǎnlèi,"air mata, tetesan air mata;KP:滴","tear, teardrop",CLEC 新版HSK考试大纲,https://hsk.cn-bj.ufileos.com/3.0/%E6%96%B0%E7%89%88HSK%E8%80%83%E8%AF%95%E5%A4%A7%E7%BA%B21219.pdf,2025-11,2026-08-11
hsk3-4-0853,眼里,yǎnli,di mata seseorang;menurut pandangan,in one's eyes;in one's view,CLEC 新版HSK考试大纲,https://hsk.cn-bj.ufileos.com/3.0/%E6%96%B0%E7%89%88HSK%E8%80%83%E8%AF%95%E5%A4%A7%E7%BA%B21219.pdf,2025-11,2026-08-11
hsk3-4-0854,演讲,yǎnjiǎng,"memberikan kuliah, menyampaikan pidato","to give a lecture, to make a speech",CLEC 新版HSK考试大纲,https://hsk.cn-bj.ufileos.com/3.0/%E6%96%B0%E7%89%88HSK%E8%80%83%E8%AF%95%E5%A4%A7%E7%BA%B21219.pdf,2025-11,2026-08-11
hsk3-4-0855,阳台,yángtái,balkon;teras,balcony;porch,CLEC 新版HSK考试大纲,https://hsk.cn-bj.ufileos.com/3.0/%E6%96%B0%E7%89%88HSK%E8%80%83%E8%AF%95%E5%A4%A7%E7%BA%B21219.pdf,2025-11,2026-08-11
hsk3-4-0856,养成,yǎngchéng,mengembangkan;membesarkan;membentuk (kebiasaan),to cultivate;to raise;to form (a habit),CLEC 新版HSK考试大纲,https://hsk.cn-bj.ufileos.com/3.0/%E6%96%B0%E7%89%88HSK%E8%80%83%E8%AF%95%E5%A4%A7%E7%BA%B21219.pdf,2025-11,2026-08-11
hsk3-4-0857,腰,yāo,pinggang dan punggung bawah;(bentuk terikat) ginjal hewan (sebagai makanan);pinggang celana atau rok,the waist and lower back;(bound form) kidney of an animal (as food);the waist of trousers or a skirt,CLEC 新版HSK考试大纲,https://hsk.cn-bj.ufileos.com/3.0/%E6%96%B0%E7%89%88HSK%E8%80%83%E8%AF%95%E5%A4%A7%E7%BA%B21219.pdf,2025-11,2026-08-11
hsk3-4-0858,摇,yáo,menggoyangkan;mengayunkan;mendayung,to shake;to rock;to row,CLEC 新版HSK考试大纲,https://hsk.cn-bj.ufileos.com/3.0/%E6%96%B0%E7%89%88HSK%E8%80%83%E8%AF%95%E5%A4%A7%E7%BA%B21219.pdf,2025-11,2026-08-11
hsk3-4-0859,药物,yàowù,obat-obatan;farmasi;obat,medicaments;pharmaceuticals;medication,CLEC 新版HSK考试大纲,https://hsk.cn-bj.ufileos.com/3.0/%E6%96%B0%E7%89%88HSK%E8%80%83%E8%AF%95%E5%A4%A7%E7%BA%B21219.pdf,2025-11,2026-08-11
hsk3-4-0860,要,yào,"ingin, perlu, meminta;akan, harus, tentang akan;seharusnya","to want, to need, to ask for;will, shall, about to;need to, should",CLEC 新版HSK考试大纲,https://hsk.cn-bj.ufileos.com/3.0/%E6%96%B0%E7%89%88HSK%E8%80%83%E8%AF%95%E5%A4%A7%E7%BA%B21219.pdf,2025-11,2026-08-11
hsk3-4-0861,业余,yèyú,di waktu luang;di luar jam kerja;amatir (sejarawan dll),in one's spare time;outside working hours;amateur (historian etc),CLEC 新版HSK考试大纲,https://hsk.cn-bj.ufileos.com/3.0/%E6%96%B0%E7%89%88HSK%E8%80%83%E8%AF%95%E5%A4%A7%E7%BA%B21219.pdf,2025-11,2026-08-11
hsk3-4-0862,叶子,yèzi,daun (KP:片);(slang) ganja,leaf (CL:片);(slang) marijuana,CLEC 新版HSK考试大纲,https://hsk.cn-bj.ufileos.com/3.0/%E6%96%B0%E7%89%88HSK%E8%80%83%E8%AF%95%E5%A4%A7%E7%BA%B21219.pdf,2025-11,2026-08-11
hsk3-4-0863,医疗,yīliáo,perawatan medis,medical treatment,CLEC 新版HSK考试大纲,https://hsk.cn-bj.ufileos.com/3.0/%E6%96%B0%E7%89%88HSK%E8%80%83%E8%AF%95%E5%A4%A7%E7%BA%B21219.pdf,2025-11,2026-08-11
hsk3-4-0864,医学,yīxué,kedokteran;ilmu medis;studi kedokteran,medicine;medical science;study of medicine,CLEC 新版HSK考试大纲,https://hsk.cn-bj.ufileos.com/3.0/%E6%96%B0%E7%89%88HSK%E8%80%83%E8%AF%95%E5%A4%A7%E7%BA%B21219.pdf,2025-11,2026-08-11
hsk3-4-0865,依靠,yīkào,"mengandalkan, bergantung pada","to rely on, to depend on",CLEC 新版HSK考试大纲,https://hsk.cn-bj.ufileos.com/3.0/%E6%96%B0%E7%89%88HSK%E8%80%83%E8%AF%95%E5%A4%A7%E7%BA%B21219.pdf,2025-11,2026-08-11
hsk3-4-0866,依然,yīrán,"masih, seperti sebelumnya","still, as before",CLEC 新版HSK考试大纲,https://hsk.cn-bj.ufileos.com/3.0/%E6%96%B0%E7%89%88HSK%E8%80%83%E8%AF%95%E5%A4%A7%E7%BA%B21219.pdf,2025-11,2026-08-11
hsk3-4-0867,一律,yīlǜ,"sama, identik;seragam, semua, tanpa pengecualian","same, identical;uniformly, all, without exception",CLEC 新版HSK考试大纲,https://hsk.cn-bj.ufileos.com/3.0/%E6%96%B0%E7%89%88HSK%E8%80%83%E8%AF%95%E5%A4%A7%E7%BA%B21219.pdf,2025-11,2026-08-11
hsk3-4-0868,一再,yīzài,berulang kali,repeatedly,CLEC 新版HSK考试大纲,https://hsk.cn-bj.ufileos.com/3.0/%E6%96%B0%E7%89%88HSK%E8%80%83%E8%AF%95%E5%A4%A7%E7%BA%B21219.pdf,2025-11,2026-08-11
hsk3-4-0869,一致,yīzhì,"konsisten, bulat, setuju;bersama, serempak","consistent, unanimous, in agreement;together, in unison",CLEC 新版HSK考试大纲,https://hsk.cn-bj.ufileos.com/3.0/%E6%96%B0%E7%89%88HSK%E8%80%83%E8%AF%95%E5%A4%A7%E7%BA%B21219.pdf,2025-11,2026-08-11
hsk3-4-0870,移,yí,pindah;bergeser;mengubah,to move;to shift;to change,CLEC 新版HSK考试大纲,https://hsk.cn-bj.ufileos.com/3.0/%E6%96%B0%E7%89%88HSK%E8%80%83%E8%AF%95%E5%A4%A7%E7%BA%B21219.pdf,2025-11,2026-08-11
hsk3-4-0871,移动,yídòng,bergerak;gerakan;migrasi,to move;movement;migration,CLEC 新版HSK考试大纲,https://hsk.cn-bj.ufileos.com/3.0/%E6%96%B0%E7%89%88HSK%E8%80%83%E8%AF%95%E5%A4%A7%E7%BA%B21219.pdf,2025-11,2026-08-11
hsk3-4-0872,移民,yímín,beremigrasi;bermigrasi;emigran,to immigrate;to migrate;emigrant,CLEC 新版HSK考试大纲,https://hsk.cn-bj.ufileos.com/3.0/%E6%96%B0%E7%89%88HSK%E8%80%83%E8%AF%95%E5%A4%A7%E7%BA%B21219.pdf,2025-11,2026-08-11
hsk3-4-0873,遗产,yíchǎn,warisan;peninggalan;hibah,heritage;legacy;inheritance,CLEC 新版HSK考试大纲,https://hsk.cn-bj.ufileos.com/3.0/%E6%96%B0%E7%89%88HSK%E8%80%83%E8%AF%95%E5%A4%A7%E7%BA%B21219.pdf,2025-11,2026-08-11
hsk3-4-0874,遗传,yíchuán,keturunan;mewarisi (sifat);menurunkan (kepada keturunannya),heredity;to inherit (a trait);to pass on (to one's offspring),CLEC 新版HSK考试大纲,https://hsk.cn-bj.ufileos.com/3.0/%E6%96%B0%E7%89%88HSK%E8%80%83%E8%AF%95%E5%A4%A7%E7%BA%B21219.pdf,2025-11,2026-08-11
hsk3-4-0875,疑问,yíwèn,pertanyaan;interogasi;keraguan,question;interrogation;doubt,CLEC 新版HSK考试大纲,https://hsk.cn-bj.ufileos.com/3.0/%E6%96%B0%E7%89%88HSK%E8%80%83%E8%AF%95%E5%A4%A7%E7%BA%B21219.pdf,2025-11,2026-08-11
hsk3-4-0876,以及,yǐjí,"dan, serta","and, as well as",CLEC 新版HSK考试大纲,https://hsk.cn-bj.ufileos.com/3.0/%E6%96%B0%E7%89%88HSK%E8%80%83%E8%AF%95%E5%A4%A7%E7%BA%B21219.pdf,2025-11,2026-08-11
hsk3-4-0877,以内,yǐnèi,di dalam;kurang dari,within;less than,CLEC 新版HSK考试大纲,https://hsk.cn-bj.ufileos.com/3.0/%E6%96%B0%E7%89%88HSK%E8%80%83%E8%AF%95%E5%A4%A7%E7%BA%B21219.pdf,2025-11,2026-08-11
hsk3-4-0878,一般来说,yībānláishuō,secara umum,generally speaking,CLEC 新版HSK考试大纲,https://hsk.cn-bj.ufileos.com/3.0/%E6%96%B0%E7%89%88HSK%E8%80%83%E8%AF%95%E5%A4%A7%E7%BA%B21219.pdf,2025-11,2026-08-11
hsk3-4-0879,义务,yìwù,"tugas, kewajiban 项);sukarela (pekerjaan dll)","duty, obligation 项);volunteer (work etc)",CLEC 新版HSK考试大纲,https://hsk.cn-bj.ufileos.com/3.0/%E6%96%B0%E7%89%88HSK%E8%80%83%E8%AF%95%E5%A4%A7%E7%BA%B21219.pdf,2025-11,2026-08-11
hsk3-4-0880,议论,yìlùn,mengomentari;membicarakan;mendiskusikan,to comment;to talk about;to discuss,CLEC 新版HSK考试大纲,https://hsk.cn-bj.ufileos.com/3.0/%E6%96%B0%E7%89%88HSK%E8%80%83%E8%AF%95%E5%A4%A7%E7%BA%B21219.pdf,2025-11,2026-08-11
hsk3-4-0881,引,yǐn,menarik (misalnya busur);menarik;meregangkan sesuatu,to draw (e.g. a bow);to pull;to stretch sth,CLEC 新版HSK考试大纲,https://hsk.cn-bj.ufileos.com/3.0/%E6%96%B0%E7%89%88HSK%E8%80%83%E8%AF%95%E5%A4%A7%E7%BA%B21219.pdf,2025-11,2026-08-11
hsk3-4-0882,引导,yǐndǎo,membimbing;memimpin (sekitar);mengantar,to guide;to lead (around);to conduct,CLEC 新版HSK考试大纲,https://hsk.cn-bj.ufileos.com/3.0/%E6%96%B0%E7%89%88HSK%E8%80%83%E8%AF%95%E5%A4%A7%E7%BA%B21219.pdf,2025-11,2026-08-11
hsk3-4-0883,引进,yǐnjìn,merekomendasikan;memperkenalkan (dari luar),to recommend;to introduce (from outside),CLEC 新版HSK考试大纲,https://hsk.cn-bj.ufileos.com/3.0/%E6%96%B0%E7%89%88HSK%E8%80%83%E8%AF%95%E5%A4%A7%E7%BA%B21219.pdf,2025-11,2026-08-11
hsk3-4-0884,引起,yǐnqǐ,"menimbulkan, menyebabkan, membangkitkan","to give rise to, to lead to, to cause, to arouse",CLEC 新版HSK考试大纲,https://hsk.cn-bj.ufileos.com/3.0/%E6%96%B0%E7%89%88HSK%E8%80%83%E8%AF%95%E5%A4%A7%E7%BA%B21219.pdf,2025-11,2026-08-11
hsk3-4-0885,应,yīng,"setuju (untuk melakukan sesuatu), seharusnya, harus, wajib;(hukum) akan",to agree (to do sth);should;ought to,CLEC 新版HSK考试大纲,https://hsk.cn-bj.ufileos.com/3.0/%E6%96%B0%E7%89%88HSK%E8%80%83%E8%AF%95%E5%A4%A7%E7%BA%B21219.pdf,2025-11,2026-08-11
hsk3-4-0886,英勇,yīngyǒng,heroik;gagah;berani,heroic;gallant;valiant,CLEC 新版HSK考试大纲,https://hsk.cn-bj.ufileos.com/3.0/%E6%96%B0%E7%89%88HSK%E8%80%83%E8%AF%95%E5%A4%A7%E7%BA%B21219.pdf,2025-11,2026-08-11
hsk3-4-0887,营业,yíngyè,berdagang;melakukan bisnis,to do business;to trade,CLEC 新版HSK考试大纲,https://hsk.cn-bj.ufileos.com/3.0/%E6%96%B0%E7%89%88HSK%E8%80%83%E8%AF%95%E5%A4%A7%E7%BA%B21219.pdf,2025-11,2026-08-11
hsk3-4-0888,赢得,yíngdé,memenangkan;mendapatkan,to win;to gain,CLEC 新版HSK考试大纲,https://hsk.cn-bj.ufileos.com/3.0/%E6%96%B0%E7%89%88HSK%E8%80%83%E8%AF%95%E5%A4%A7%E7%BA%B21219.pdf,2025-11,2026-08-11
hsk3-4-0889,影子,yǐngzi,bayangan;pantulan;(kiasan) petunjuk,shadow;reflection;(fig.) hint,CLEC 新版HSK考试大纲,https://hsk.cn-bj.ufileos.com/3.0/%E6%96%B0%E7%89%88HSK%E8%80%83%E8%AF%95%E5%A4%A7%E7%BA%B21219.pdf,2025-11,2026-08-11
hsk3-4-0890,勇敢,yǒnggǎn,"berani, gagah berani","brave, courageous",CLEC 新版HSK考试大纲,https://hsk.cn-bj.ufileos.com/3.0/%E6%96%B0%E7%89%88HSK%E8%80%83%E8%AF%95%E5%A4%A7%E7%BA%B21219.pdf,2025-11,2026-08-11
hsk3-4-0891,勇气,yǒngqì,keberanian,courage,CLEC 新版HSK考试大纲,https://hsk.cn-bj.ufileos.com/3.0/%E6%96%B0%E7%89%88HSK%E8%80%83%E8%AF%95%E5%A4%A7%E7%BA%B21219.pdf,2025-11,2026-08-11
hsk3-4-0892,用途,yòngtú,"kegunaan, aplikasi","use, application",CLEC 新版HSK考试大纲,https://hsk.cn-bj.ufileos.com/3.0/%E6%96%B0%E7%89%88HSK%E8%80%83%E8%AF%95%E5%A4%A7%E7%BA%B21219.pdf,2025-11,2026-08-11
hsk3-4-0893,优良,yōuliáng,baik;bagus;tingkat pertama,fine;good;first-rate,CLEC 新版HSK考试大纲,https://hsk.cn-bj.ufileos.com/3.0/%E6%96%B0%E7%89%88HSK%E8%80%83%E8%AF%95%E5%A4%A7%E7%BA%B21219.pdf,2025-11,2026-08-11
hsk3-4-0894,优美,yōuměi,anggun;halus;elegan,graceful;fine;elegant,CLEC 新版HSK考试大纲,https://hsk.cn-bj.ufileos.com/3.0/%E6%96%B0%E7%89%88HSK%E8%80%83%E8%AF%95%E5%A4%A7%E7%BA%B21219.pdf,2025-11,2026-08-11
hsk3-4-0895,优秀,yōuxiù,"luar biasa, exellent","outstanding, excellent",CLEC 新版HSK考试大纲,https://hsk.cn-bj.ufileos.com/3.0/%E6%96%B0%E7%89%88HSK%E8%80%83%E8%AF%95%E5%A4%A7%E7%BA%B21219.pdf,2025-11,2026-08-11
hsk3-4-0896,邮局,yóujú,kantor pos;KP:家个,post office,CLEC 新版HSK考试大纲,https://hsk.cn-bj.ufileos.com/3.0/%E6%96%B0%E7%89%88HSK%E8%80%83%E8%AF%95%E5%A4%A7%E7%BA%B21219.pdf,2025-11,2026-08-11
hsk3-4-0897,有劲儿,yǒujìnr,bertenaga;kuat;bersemangat,strong;energetic;full of strength,CLEC 新版HSK考试大纲,https://hsk.cn-bj.ufileos.com/3.0/%E6%96%B0%E7%89%88HSK%E8%80%83%E8%AF%95%E5%A4%A7%E7%BA%B21219.pdf,2025-11,2026-08-11
hsk3-4-0898,有趣,yǒuqù,"menarik, mempesona, lucu","interesting, fascinating, amusing",CLEC 新版HSK考试大纲,https://hsk.cn-bj.ufileos.com/3.0/%E6%96%B0%E7%89%88HSK%E8%80%83%E8%AF%95%E5%A4%A7%E7%BA%B21219.pdf,2025-11,2026-08-11
hsk3-4-0899,有限,yǒuxiàn,"terbatas, terhingga","limited, finite",CLEC 新版HSK考试大纲,https://hsk.cn-bj.ufileos.com/3.0/%E6%96%B0%E7%89%88HSK%E8%80%83%E8%AF%95%E5%A4%A7%E7%BA%B21219.pdf,2025-11,2026-08-11
hsk3-4-0900,幼儿园,yòu'éryuán,taman kanak-kanak;sekolah penitipan anak,kindergarten;nursery school,CLEC 新版HSK考试大纲,https://hsk.cn-bj.ufileos.com/3.0/%E6%96%B0%E7%89%88HSK%E8%80%83%E8%AF%95%E5%A4%A7%E7%BA%B21219.pdf,2025-11,2026-08-11
hsk3-4-0901,于是,yúshì,"kemudian, sebagai hasilnya, akibatnya, demikian, oleh karena itu","thereupon, as a result, consequently, thus, hence",CLEC 新版HSK考试大纲,https://hsk.cn-bj.ufileos.com/3.0/%E6%96%B0%E7%89%88HSK%E8%80%83%E8%AF%95%E5%A4%A7%E7%BA%B21219.pdf,2025-11,2026-08-11
hsk3-4-0902,语法,yǔfǎ,tata bahasa,grammar,CLEC 新版HSK考试大纲,https://hsk.cn-bj.ufileos.com/3.0/%E6%96%B0%E7%89%88HSK%E8%80%83%E8%AF%95%E5%A4%A7%E7%BA%B21219.pdf,2025-11,2026-08-11
hsk3-4-0903,语音,yǔyīn,bunyi ucapan;pengucapan;pengucapan sehari-hari (daripada sastra) dari karakter Tionghoa,speech sounds;pronunciation;colloquial (rather than literary) pronunciation of a Chinese character,CLEC 新版HSK考试大纲,https://hsk.cn-bj.ufileos.com/3.0/%E6%96%B0%E7%89%88HSK%E8%80%83%E8%AF%95%E5%A4%A7%E7%BA%B21219.pdf,2025-11,2026-08-11
hsk3-4-0904,玉,yù,giok,jade,CLEC 新版HSK考试大纲,https://hsk.cn-bj.ufileos.com/3.0/%E6%96%B0%E7%89%88HSK%E8%80%83%E8%AF%95%E5%A4%A7%E7%BA%B21219.pdf,2025-11,2026-08-11
hsk3-4-0905,玉米,yùmǐ,jagung,corn;maize,CLEC 新版HSK考试大纲,https://hsk.cn-bj.ufileos.com/3.0/%E6%96%B0%E7%89%88HSK%E8%80%83%E8%AF%95%E5%A4%A7%E7%BA%B21219.pdf,2025-11,2026-08-11
hsk3-4-0906,预测,yùcè,meramalkan;memprediksi,to forecast;to predict,CLEC 新版HSK考试大纲,https://hsk.cn-bj.ufileos.com/3.0/%E6%96%B0%E7%89%88HSK%E8%80%83%E8%AF%95%E5%A4%A7%E7%BA%B21219.pdf,2025-11,2026-08-11
hsk3-4-0907,预订,yùdìng,memesan;memesan lebih awal,to place an order;to book ahead,CLEC 新版HSK考试大纲,https://hsk.cn-bj.ufileos.com/3.0/%E6%96%B0%E7%89%88HSK%E8%80%83%E8%AF%95%E5%A4%A7%E7%BA%B21219.pdf,2025-11,2026-08-11
hsk3-4-0908,遇,yù,"(bentuk terikat) bertemu, kebetulan bertemu, bertemu tanpa rencana;(bentuk terikat) memperlakukan, menerima","(bound form) to encounter, to happen upon, to meet unplanned;(bound form) to treat, to receive",CLEC 新版HSK考试大纲,https://hsk.cn-bj.ufileos.com/3.0/%E6%96%B0%E7%89%88HSK%E8%80%83%E8%AF%95%E5%A4%A7%E7%BA%B21219.pdf,2025-11,2026-08-11
hsk3-4-0909,遇到,yùdào,"bertemu, berpapasan, menemukan","to meet, to run into, to come across",CLEC 新版HSK考试大纲,https://hsk.cn-bj.ufileos.com/3.0/%E6%96%B0%E7%89%88HSK%E8%80%83%E8%AF%95%E5%A4%A7%E7%BA%B21219.pdf,2025-11,2026-08-11
hsk3-4-0910,遇见,yùjiàn,bertemu,to meet,CLEC 新版HSK考试大纲,https://hsk.cn-bj.ufileos.com/3.0/%E6%96%B0%E7%89%88HSK%E8%80%83%E8%AF%95%E5%A4%A7%E7%BA%B21219.pdf,2025-11,2026-08-11
hsk3-4-0911,原料,yuánliào,bahan mentah,raw material,CLEC 新版HSK考试大纲,https://hsk.cn-bj.ufileos.com/3.0/%E6%96%B0%E7%89%88HSK%E8%80%83%E8%AF%95%E5%A4%A7%E7%BA%B21219.pdf,2025-11,2026-08-11
hsk3-4-0912,原则,yuánzé,prinsip;doktrin;个,principle;doctrine;个,CLEC 新版HSK考试大纲,https://hsk.cn-bj.ufileos.com/3.0/%E6%96%B0%E7%89%88HSK%E8%80%83%E8%AF%95%E5%A4%A7%E7%BA%B21219.pdf,2025-11,2026-08-11
hsk3-4-0913,圆,yuán,lingkaran;bulat;melingkar,circle;round;circular,CLEC 新版HSK考试大纲,https://hsk.cn-bj.ufileos.com/3.0/%E6%96%B0%E7%89%88HSK%E8%80%83%E8%AF%95%E5%A4%A7%E7%BA%B21219.pdf,2025-11,2026-08-11
hsk3-4-0914,圆满,yuánmǎn,"memuaskan, sempurna, ideal","satisfactory, consummate, perfect",CLEC 新版HSK考试大纲,https://hsk.cn-bj.ufileos.com/3.0/%E6%96%B0%E7%89%88HSK%E8%80%83%E8%AF%95%E5%A4%A7%E7%BA%B21219.pdf,2025-11,2026-08-11
hsk3-4-0915,约会,yuēhuì,janji temu;pertunangan;kencan,appointment;engagement;date,CLEC 新版HSK考试大纲,https://hsk.cn-bj.ufileos.com/3.0/%E6%96%B0%E7%89%88HSK%E8%80%83%E8%AF%95%E5%A4%A7%E7%BA%B21219.pdf,2025-11,2026-08-11
hsk3-4-0916,月底,yuèdǐ,akhir bulan,end of the month,CLEC 新版HSK考试大纲,https://hsk.cn-bj.ufileos.com/3.0/%E6%96%B0%E7%89%88HSK%E8%80%83%E8%AF%95%E5%A4%A7%E7%BA%B21219.pdf,2025-11,2026-08-11
hsk3-4-0917,阅读,yuèdú,membaca;bacaan,to read;reading,CLEC 新版HSK考试大纲,https://hsk.cn-bj.ufileos.com/3.0/%E6%96%B0%E7%89%88HSK%E8%80%83%E8%AF%95%E5%A4%A7%E7%BA%B21219.pdf,2025-11,2026-08-11
hsk3-4-0918,运动会,yùndònghuì,kompetisi olahraga;个,sports competition;个,CLEC 新版HSK考试大纲,https://hsk.cn-bj.ufileos.com/3.0/%E6%96%B0%E7%89%88HSK%E8%80%83%E8%AF%95%E5%A4%A7%E7%BA%B21219.pdf,2025-11,2026-08-11
hsk3-4-0919,运动员,yùndòngyuán,atlet;KP:名个,athlete,CLEC 新版HSK考试大纲,https://hsk.cn-bj.ufileos.com/3.0/%E6%96%B0%E7%89%88HSK%E8%80%83%E8%AF%95%E5%A4%A7%E7%BA%B21219.pdf,2025-11,2026-08-11
hsk3-4-0920,运气,yùnqi,keberuntungan (baik atau buruk),luck (good or bad),CLEC 新版HSK考试大纲,https://hsk.cn-bj.ufileos.com/3.0/%E6%96%B0%E7%89%88HSK%E8%80%83%E8%AF%95%E5%A4%A7%E7%BA%B21219.pdf,2025-11,2026-08-11
hsk3-4-0921,运用,yùnyòng,menggunakan;menerapkan,to use;to put to use,CLEC 新版HSK考试大纲,https://hsk.cn-bj.ufileos.com/3.0/%E6%96%B0%E7%89%88HSK%E8%80%83%E8%AF%95%E5%A4%A7%E7%BA%B21219.pdf,2025-11,2026-08-11
hsk3-4-0922,再三,zàisān,berulang-ulang;berkali-kali,over and over again;again and again,CLEC 新版HSK考试大纲,https://hsk.cn-bj.ufileos.com/3.0/%E6%96%B0%E7%89%88HSK%E8%80%83%E8%AF%95%E5%A4%A7%E7%BA%B21219.pdf,2025-11,2026-08-11
hsk3-4-0923,在乎,zàihu,"tergantung pada, terletak pada, disebabkan oleh (atribut tertentu);(sering digunakan dalam negatif) peduli tentang","to rest with, to lie in, to be due to (a certain attribute);(often used in the negative) to care about",CLEC 新版HSK考试大纲,https://hsk.cn-bj.ufileos.com/3.0/%E6%96%B0%E7%89%88HSK%E8%80%83%E8%AF%95%E5%A4%A7%E7%BA%B21219.pdf,2025-11,2026-08-11
hsk3-4-0924,在于,zàiyú,"terletak pada, disebabkan oleh (atribut tertentu);(dari suatu masalah) ditentukan oleh, terserah (sb)","to rest with, to lie in, to be due to (a certain attribute);(of a matter) to be determined by, to be up to (sb)",CLEC 新版HSK考试大纲,https://hsk.cn-bj.ufileos.com/3.0/%E6%96%B0%E7%89%88HSK%E8%80%83%E8%AF%95%E5%A4%A7%E7%BA%B21219.pdf,2025-11,2026-08-11
hsk3-4-0925,赞成,zànchéng,menyetujui;mendukung;(sastra) membantu,to approve;to endorse;(literary) to assist,CLEC 新版HSK考试大纲,https://hsk.cn-bj.ufileos.com/3.0/%E6%96%B0%E7%89%88HSK%E8%80%83%E8%AF%95%E5%A4%A7%E7%BA%B21219.pdf,2025-11,2026-08-11
hsk3-4-0926,赞赏,zànshǎng,mengagumi;memuji;menghargai,to admire;to praise;to appreciate,CLEC 新版HSK考试大纲,https://hsk.cn-bj.ufileos.com/3.0/%E6%96%B0%E7%89%88HSK%E8%80%83%E8%AF%95%E5%A4%A7%E7%BA%B21219.pdf,2025-11,2026-08-11
hsk3-4-0927,赞助,zànzhù,mendukung;membantu;mensponsori,to support;to assist;to sponsor,CLEC 新版HSK考试大纲,https://hsk.cn-bj.ufileos.com/3.0/%E6%96%B0%E7%89%88HSK%E8%80%83%E8%AF%95%E5%A4%A7%E7%BA%B21219.pdf,2025-11,2026-08-11
hsk3-4-0928,造型,zàoxíng,"membentuk, menata;penampilan, gaya, desain, bentuk, pose","to model, to shape;appearance, style, design, form, pose",CLEC 新版HSK考试大纲,https://hsk.cn-bj.ufileos.com/3.0/%E6%96%B0%E7%89%88HSK%E8%80%83%E8%AF%95%E5%A4%A7%E7%BA%B21219.pdf,2025-11,2026-08-11
hsk3-4-0929,战斗,zhàndòu,bertarung;terlibat dalam pertempuran;perjuangan,to fight;to engage in combat;struggle,CLEC 新版HSK考试大纲,https://hsk.cn-bj.ufileos.com/3.0/%E6%96%B0%E7%89%88HSK%E8%80%83%E8%AF%95%E5%A4%A7%E7%BA%B21219.pdf,2025-11,2026-08-11
hsk3-4-0930,战胜,zhànshèng,menaklukkan;mengalahkan;mengatasi,to prevail over;to defeat;to surmount,CLEC 新版HSK考试大纲,https://hsk.cn-bj.ufileos.com/3.0/%E6%96%B0%E7%89%88HSK%E8%80%83%E8%AF%95%E5%A4%A7%E7%BA%B21219.pdf,2025-11,2026-08-11
hsk3-4-0931,战士,zhànshì,petarung;prajurit;ksatria,fighter;soldier;warrior,CLEC 新版HSK考试大纲,https://hsk.cn-bj.ufileos.com/3.0/%E6%96%B0%E7%89%88HSK%E8%80%83%E8%AF%95%E5%A4%A7%E7%BA%B21219.pdf,2025-11,2026-08-11
hsk3-4-0932,战争,zhànzhēng,"perang, konflik;场,次","war, conflict;场,次",CLEC 新版HSK考试大纲,https://hsk.cn-bj.ufileos.com/3.0/%E6%96%B0%E7%89%88HSK%E8%80%83%E8%AF%95%E5%A4%A7%E7%BA%B21219.pdf,2025-11,2026-08-11
hsk3-4-0933,丈夫,zhàngfu,suami,husband,CLEC 新版HSK考试大纲,https://hsk.cn-bj.ufileos.com/3.0/%E6%96%B0%E7%89%88HSK%E8%80%83%E8%AF%95%E5%A4%A7%E7%BA%B21219.pdf,2025-11,2026-08-11
hsk3-4-0934,招呼,zhāohu,memanggil;menyapa;memberi tahu,to call out to;to greet;to say hello to,CLEC 新版HSK考试大纲,https://hsk.cn-bj.ufileos.com/3.0/%E6%96%B0%E7%89%88HSK%E8%80%83%E8%AF%95%E5%A4%A7%E7%BA%B21219.pdf,2025-11,2026-08-11
hsk3-4-0935,着,zháo,menyentuh;terkena;merasa,to touch;to come in contact with;to feel,CLEC 新版HSK考试大纲,https://hsk.cn-bj.ufileos.com/3.0/%E6%96%B0%E7%89%88HSK%E8%80%83%E8%AF%95%E5%A4%A7%E7%BA%B21219.pdf,2025-11,2026-08-11
hsk3-4-0936,着火,zháohuǒ,terbakar,to catch fire,CLEC 新版HSK考试大纲,https://hsk.cn-bj.ufileos.com/3.0/%E6%96%B0%E7%89%88HSK%E8%80%83%E8%AF%95%E5%A4%A7%E7%BA%B21219.pdf,2025-11,2026-08-11
hsk3-4-0937,着急,zháojí,"khawatir, merasa cemas;merasa terdesak, terburu-buru;Taiwan dibaca","to worry, to feel anxious;to feel a sense of urgency, to be in a hurry;Taiwan pr.",CLEC 新版HSK考试大纲,https://hsk.cn-bj.ufileos.com/3.0/%E6%96%B0%E7%89%88HSK%E8%80%83%E8%AF%95%E5%A4%A7%E7%BA%B21219.pdf,2025-11,2026-08-11
hsk3-4-0938,召开,zhàokāi,menyelenggarakan (konferensi atau pertemuan);mengadakan;memanggil bersama,to convene (a conference or meeting);to convoke;to call together,CLEC 新版HSK考试大纲,https://hsk.cn-bj.ufileos.com/3.0/%E6%96%B0%E7%89%88HSK%E8%80%83%E8%AF%95%E5%A4%A7%E7%BA%B21219.pdf,2025-11,2026-08-11
hsk3-4-0939,折,zhé,mematahkan;retak;memecah,to break;to fracture;to snap,CLEC 新版HSK考试大纲,https://hsk.cn-bj.ufileos.com/3.0/%E6%96%B0%E7%89%88HSK%E8%80%83%E8%AF%95%E5%A4%A7%E7%BA%B21219.pdf,2025-11,2026-08-11
hsk3-4-0940,针,zhēn,jarum;peniti;suntikan,needle;pin;injection,CLEC 新版HSK考试大纲,https://hsk.cn-bj.ufileos.com/3.0/%E6%96%B0%E7%89%88HSK%E8%80%83%E8%AF%95%E5%A4%A7%E7%BA%B21219.pdf,2025-11,2026-08-11
hsk3-4-0941,针对,zhēnduì,"menargetkan, berfokus pada, ditujukan kepada atau terhadap, sebagai tanggapan atas","to target, to focus on, to be aimed at or against, in response to",CLEC 新版HSK考试大纲,https://hsk.cn-bj.ufileos.com/3.0/%E6%96%B0%E7%89%88HSK%E8%80%83%E8%AF%95%E5%A4%A7%E7%BA%B21219.pdf,2025-11,2026-08-11
hsk3-4-0942,阵,zhèn,penempatan pasukan;gelombang;rentetan,disposition of troops;wave;spate,CLEC 新版HSK考试大纲,https://hsk.cn-bj.ufileos.com/3.0/%E6%96%B0%E7%89%88HSK%E8%80%83%E8%AF%95%E5%A4%A7%E7%BA%B21219.pdf,2025-11,2026-08-11
hsk3-4-0943,争论,zhēnglùn,membantah;berdebat;bersaing,to argue;to debate;to contend,CLEC 新版HSK考试大纲,https://hsk.cn-bj.ufileos.com/3.0/%E6%96%B0%E7%89%88HSK%E8%80%83%E8%AF%95%E5%A4%A7%E7%BA%B21219.pdf,2025-11,2026-08-11
hsk3-4-0944,征服,zhēngfú,menaklukkan;memadamkan;mengalahkan,to conquer;to subdue;to vanquish,CLEC 新版HSK考试大纲,https://hsk.cn-bj.ufileos.com/3.0/%E6%96%B0%E7%89%88HSK%E8%80%83%E8%AF%95%E5%A4%A7%E7%BA%B21219.pdf,2025-11,2026-08-11
hsk3-4-0945,征求,zhēngqiú,"meminta;mencari;meminta (pendapat, umpan balik, dll)","to solicit;to seek;to request (opinions, feedback etc)",CLEC 新版HSK考试大纲,https://hsk.cn-bj.ufileos.com/3.0/%E6%96%B0%E7%89%88HSK%E8%80%83%E8%AF%95%E5%A4%A7%E7%BA%B21219.pdf,2025-11,2026-08-11
hsk3-4-0946,政府,zhèngfǔ,pemerintah;个,government;个,CLEC 新版HSK考试大纲,https://hsk.cn-bj.ufileos.com/3.0/%E6%96%B0%E7%89%88HSK%E8%80%83%E8%AF%95%E5%A4%A7%E7%BA%B21219.pdf,2025-11,2026-08-11
hsk3-4-0947,政治,zhèngzhì,politik,politics;political,CLEC 新版HSK考试大纲,https://hsk.cn-bj.ufileos.com/3.0/%E6%96%B0%E7%89%88HSK%E8%80%83%E8%AF%95%E5%A4%A7%E7%BA%B21219.pdf,2025-11,2026-08-11
hsk3-4-0948,之后,zhīhòu,"setelah, di belakang;(di awal kalimat) sesudahnya, sejak itu","after, behind;(at the beginning of a sentence) afterwards, since then",CLEC 新版HSK考试大纲,https://hsk.cn-bj.ufileos.com/3.0/%E6%96%B0%E7%89%88HSK%E8%80%83%E8%AF%95%E5%A4%A7%E7%BA%B21219.pdf,2025-11,2026-08-11
hsk3-4-0949,之间,zhījiān,"(setelah kata benda) antara, di antara, di tengah","(after a noun) between, among, amid;(used after certain bisyllabic words to form expressions indicating a short period of time, e.g. 弹指之间)",CLEC 新版HSK考试大纲,https://hsk.cn-bj.ufileos.com/3.0/%E6%96%B0%E7%89%88HSK%E8%80%83%E8%AF%95%E5%A4%A7%E7%BA%B21219.pdf,2025-11,2026-08-11
hsk3-4-0950,之前,zhīqián,sebelum;sebelumnya;lalu,before;prior to;ago,CLEC 新版HSK考试大纲,https://hsk.cn-bj.ufileos.com/3.0/%E6%96%B0%E7%89%88HSK%E8%80%83%E8%AF%95%E5%A4%A7%E7%BA%B21219.pdf,2025-11,2026-08-11
hsk3-4-0951,之一,zhīyī,"salah satu dari (sesuatu);satu dari banyak;satu (pertiga, seperempat, persen, dll)","one of (sth);one out of a multitude;one (third, quarter, percent etc)",CLEC 新版HSK考试大纲,https://hsk.cn-bj.ufileos.com/3.0/%E6%96%B0%E7%89%88HSK%E8%80%83%E8%AF%95%E5%A4%A7%E7%BA%B21219.pdf,2025-11,2026-08-11
hsk3-4-0952,支,zhī,mendukung;menopang;mendirikan,to support;to sustain;to erect,CLEC 新版HSK考试大纲,https://hsk.cn-bj.ufileos.com/3.0/%E6%96%B0%E7%89%88HSK%E8%80%83%E8%AF%95%E5%A4%A7%E7%BA%B21219.pdf,2025-11,2026-08-11
hsk3-4-0953,植物,zhíwù,tanaman;vegetasi;种,plant;vegetation;种,CLEC 新版HSK考试大纲,https://hsk.cn-bj.ufileos.com/3.0/%E6%96%B0%E7%89%88HSK%E8%80%83%E8%AF%95%E5%A4%A7%E7%BA%B21219.pdf,2025-11,2026-08-11
hsk3-4-0954,指挥,zhǐhuī,mengatur;memerintah;mengarahkan,to conduct;to command;to direct,CLEC 新版HSK考试大纲,https://hsk.cn-bj.ufileos.com/3.0/%E6%96%B0%E7%89%88HSK%E8%80%83%E8%AF%95%E5%A4%A7%E7%BA%B21219.pdf,2025-11,2026-08-11
hsk3-4-0955,制订,zhìdìng,mengerjakan;merumuskan,to work out;to formulate,CLEC 新版HSK考试大纲,https://hsk.cn-bj.ufileos.com/3.0/%E6%96%B0%E7%89%88HSK%E8%80%83%E8%AF%95%E5%A4%A7%E7%BA%B21219.pdf,2025-11,2026-08-11
hsk3-4-0956,质量,zhìliàng,"(fisika) massa;kualitas (yaitu, tingkat keunggulan);kualitas dan kuantitas",(physics) mass;quality (i.e. degree of excellence);quality and quantity,CLEC 新版HSK考试大纲,https://hsk.cn-bj.ufileos.com/3.0/%E6%96%B0%E7%89%88HSK%E8%80%83%E8%AF%95%E5%A4%A7%E7%BA%B21219.pdf,2025-11,2026-08-11
hsk3-4-0957,治,zhì,memerintah;mengatur;mengelola,to rule;to govern;to manage,CLEC 新版HSK考试大纲,https://hsk.cn-bj.ufileos.com/3.0/%E6%96%B0%E7%89%88HSK%E8%80%83%E8%AF%95%E5%A4%A7%E7%BA%B21219.pdf,2025-11,2026-08-11
hsk3-4-0958,治疗,zhìliáo,mengobati (penyakit);perawatan medis;terapi,to treat (an illness);medical treatment;therapy,CLEC 新版HSK考试大纲,https://hsk.cn-bj.ufileos.com/3.0/%E6%96%B0%E7%89%88HSK%E8%80%83%E8%AF%95%E5%A4%A7%E7%BA%B21219.pdf,2025-11,2026-08-11
hsk3-4-0959,智力,zhìlì,"kecerdasan, akal",intelligence;intellect,CLEC 新版HSK考试大纲,https://hsk.cn-bj.ufileos.com/3.0/%E6%96%B0%E7%89%88HSK%E8%80%83%E8%AF%95%E5%A4%A7%E7%BA%B21219.pdf,2025-11,2026-08-11
hsk3-4-0960,智能,zhìnéng,"pintar, mampu, cerdas (ponsel, sistem, bom dll)","intelligent;able;smart (phone, system, bomb etc)",CLEC 新版HSK考试大纲,https://hsk.cn-bj.ufileos.com/3.0/%E6%96%B0%E7%89%88HSK%E8%80%83%E8%AF%95%E5%A4%A7%E7%BA%B21219.pdf,2025-11,2026-08-11
hsk3-4-0961,中介,zhōngjiè,bertindak sebagai perantara;menghubungkan;perantara,to act as intermediary;to link;intermediate,CLEC 新版HSK考试大纲,https://hsk.cn-bj.ufileos.com/3.0/%E6%96%B0%E7%89%88HSK%E8%80%83%E8%AF%95%E5%A4%A7%E7%BA%B21219.pdf,2025-11,2026-08-11
hsk3-4-0962,种类,zhǒnglèi,jenis;genus;tipe,kind;genus;type,CLEC 新版HSK考试大纲,https://hsk.cn-bj.ufileos.com/3.0/%E6%96%B0%E7%89%88HSK%E8%80%83%E8%AF%95%E5%A4%A7%E7%BA%B21219.pdf,2025-11,2026-08-11
hsk3-4-0963,中奖,zhòngjiǎng,"memenangkan hadiah (dalam lotre, dll)",to win a prize (in a lottery etc),CLEC 新版HSK考试大纲,https://hsk.cn-bj.ufileos.com/3.0/%E6%96%B0%E7%89%88HSK%E8%80%83%E8%AF%95%E5%A4%A7%E7%BA%B21219.pdf,2025-11,2026-08-11
hsk3-4-0964,种,zhòng,menanam;menumbuhkan;membudidayakan,to plant;to grow;to cultivate,CLEC 新版HSK考试大纲,https://hsk.cn-bj.ufileos.com/3.0/%E6%96%B0%E7%89%88HSK%E8%80%83%E8%AF%95%E5%A4%A7%E7%BA%B21219.pdf,2025-11,2026-08-11
hsk3-4-0965,种植,zhòngzhí,"menanam, menumbuhkan (tanaman), membudidayakan","to plant, to grow (a crop), to cultivate",CLEC 新版HSK考试大纲,https://hsk.cn-bj.ufileos.com/3.0/%E6%96%B0%E7%89%88HSK%E8%80%83%E8%AF%95%E5%A4%A7%E7%BA%B21219.pdf,2025-11,2026-08-11
hsk3-4-0966,重量,zhòngliàng,berat;个,weight;个,CLEC 新版HSK考试大纲,https://hsk.cn-bj.ufileos.com/3.0/%E6%96%B0%E7%89%88HSK%E8%80%83%E8%AF%95%E5%A4%A7%E7%BA%B21219.pdf,2025-11,2026-08-11
hsk3-4-0967,逐步,zhúbù,secara progresif;langkah demi langkah,progressively;step by step,CLEC 新版HSK考试大纲,https://hsk.cn-bj.ufileos.com/3.0/%E6%96%B0%E7%89%88HSK%E8%80%83%E8%AF%95%E5%A4%A7%E7%BA%B21219.pdf,2025-11,2026-08-11
hsk3-4-0968,逐渐,zhújiàn,secara bertahap,gradually,CLEC 新版HSK考试大纲,https://hsk.cn-bj.ufileos.com/3.0/%E6%96%B0%E7%89%88HSK%E8%80%83%E8%AF%95%E5%A4%A7%E7%BA%B21219.pdf,2025-11,2026-08-11
hsk3-4-0969,主题,zhǔtí,tema;subjek,theme;subject,CLEC 新版HSK考试大纲,https://hsk.cn-bj.ufileos.com/3.0/%E6%96%B0%E7%89%88HSK%E8%80%83%E8%AF%95%E5%A4%A7%E7%BA%B21219.pdf,2025-11,2026-08-11
hsk3-4-0970,主席,zhǔxí,"ketua;perdana menteri;个,位",chairperson;premier;chairman,CLEC 新版HSK考试大纲,https://hsk.cn-bj.ufileos.com/3.0/%E6%96%B0%E7%89%88HSK%E8%80%83%E8%AF%95%E5%A4%A7%E7%BA%B21219.pdf,2025-11,2026-08-11
hsk3-4-0971,祝福,zhùfú,berkah;mendoakan kebaikan,blessings;to wish sb well,CLEC 新版HSK考试大纲,https://hsk.cn-bj.ufileos.com/3.0/%E6%96%B0%E7%89%88HSK%E8%80%83%E8%AF%95%E5%A4%A7%E7%BA%B21219.pdf,2025-11,2026-08-11
hsk3-4-0972,著名,zhùmíng,terkenal;terkemuka;tersohor,famous;noted;well-known,CLEC 新版HSK考试大纲,https://hsk.cn-bj.ufileos.com/3.0/%E6%96%B0%E7%89%88HSK%E8%80%83%E8%AF%95%E5%A4%A7%E7%BA%B21219.pdf,2025-11,2026-08-11
hsk3-4-0973,著作,zhùzuò,menulis;karya sastra;buku,to write;literary work;book,CLEC 新版HSK考试大纲,https://hsk.cn-bj.ufileos.com/3.0/%E6%96%B0%E7%89%88HSK%E8%80%83%E8%AF%95%E5%A4%A7%E7%BA%B21219.pdf,2025-11,2026-08-11
hsk3-4-0974,抓紧,zhuājǐn,memegang erat;memperhatikan dengan saksama;segera (melakukan sesuatu),to keep a firm grip on;to pay close attention to;to lose no time in (doing sth),CLEC 新版HSK考试大纲,https://hsk.cn-bj.ufileos.com/3.0/%E6%96%B0%E7%89%88HSK%E8%80%83%E8%AF%95%E5%A4%A7%E7%BA%B21219.pdf,2025-11,2026-08-11
hsk3-4-0975,专心,zhuānxīn,"memusatkan perhatian, berkonsentrasi pada (melakukan sesuatu)","to focus one's attention, to concentrate on (doing sth)",CLEC 新版HSK考试大纲,https://hsk.cn-bj.ufileos.com/3.0/%E6%96%B0%E7%89%88HSK%E8%80%83%E8%AF%95%E5%A4%A7%E7%BA%B21219.pdf,2025-11,2026-08-11
hsk3-4-0976,转动,zhuǎndòng,memutar sesuatu;berputar,to turn sth around;to swivel,CLEC 新版HSK考试大纲,https://hsk.cn-bj.ufileos.com/3.0/%E6%96%B0%E7%89%88HSK%E8%80%83%E8%AF%95%E5%A4%A7%E7%BA%B21219.pdf,2025-11,2026-08-11
hsk3-4-0977,转告,zhuǎngào,menyampaikan;mengkomunikasikan;mentransmisikan,to pass on;to communicate;to transmit,CLEC 新版HSK考试大纲,https://hsk.cn-bj.ufileos.com/3.0/%E6%96%B0%E7%89%88HSK%E8%80%83%E8%AF%95%E5%A4%A7%E7%BA%B21219.pdf,2025-11,2026-08-11
hsk3-4-0978,转身,zhuǎnshēn,(seseorang) berbalik;menghadap kembali;(janda) menikah lagi (kuno),(of a person) to turn round;to face about;(of a widow) to remarry (archaic),CLEC 新版HSK考试大纲,https://hsk.cn-bj.ufileos.com/3.0/%E6%96%B0%E7%89%88HSK%E8%80%83%E8%AF%95%E5%A4%A7%E7%BA%B21219.pdf,2025-11,2026-08-11
hsk3-4-0979,转弯,zhuǎnwān,berbelok;melewati tikungan,to turn;to go around a corner,CLEC 新版HSK考试大纲,https://hsk.cn-bj.ufileos.com/3.0/%E6%96%B0%E7%89%88HSK%E8%80%83%E8%AF%95%E5%A4%A7%E7%BA%B21219.pdf,2025-11,2026-08-11
hsk3-4-0980,转移,zhuǎnyí,"menggeser, memindahkan, mentransfer;(kiasan) mengalihkan (perhatian), mengubah (pokok pembicaraan dll);(kedokteran) bermetastasis","to shift, to relocate, to transfer;(fig.) to shift (attention), to change (the subject etc);(medicine) to metastasize",CLEC 新版HSK考试大纲,https://hsk.cn-bj.ufileos.com/3.0/%E6%96%B0%E7%89%88HSK%E8%80%83%E8%AF%95%E5%A4%A7%E7%BA%B21219.pdf,2025-11,2026-08-11
hsk3-4-0981,装修,zhuāngxiū,mendekorasi;dekorasi interior;memasang,to decorate;interior decoration;to fit up,CLEC 新版HSK考试大纲,https://hsk.cn-bj.ufileos.com/3.0/%E6%96%B0%E7%89%88HSK%E8%80%83%E8%AF%95%E5%A4%A7%E7%BA%B21219.pdf,2025-11,2026-08-11
hsk3-4-0982,装置,zhuāngzhì,memasang;pemasangan;peralatan,to install;installation;equipment,CLEC 新版HSK考试大纲,https://hsk.cn-bj.ufileos.com/3.0/%E6%96%B0%E7%89%88HSK%E8%80%83%E8%AF%95%E5%A4%A7%E7%BA%B21219.pdf,2025-11,2026-08-11
hsk3-4-0983,追求,zhuīqiú,mengejar (tujuan dll) dengan gigih;mencari;merayu,to pursue (a goal etc) stubbornly;to seek after;to woo,CLEC 新版HSK考试大纲,https://hsk.cn-bj.ufileos.com/3.0/%E6%96%B0%E7%89%88HSK%E8%80%83%E8%AF%95%E5%A4%A7%E7%BA%B21219.pdf,2025-11,2026-08-11
hsk3-4-0984,准时,zhǔnshí,tepat waktu;sesuai jadwal,on time;punctual;on schedule,CLEC 新版HSK考试大纲,https://hsk.cn-bj.ufileos.com/3.0/%E6%96%B0%E7%89%88HSK%E8%80%83%E8%AF%95%E5%A4%A7%E7%BA%B21219.pdf,2025-11,2026-08-11
hsk3-4-0985,资料,zīliào,materi;sumber daya;data,material;resources;data,CLEC 新版HSK考试大纲,https://hsk.cn-bj.ufileos.com/3.0/%E6%96%B0%E7%89%88HSK%E8%80%83%E8%AF%95%E5%A4%A7%E7%BA%B21219.pdf,2025-11,2026-08-11
hsk3-4-0986,资源,zīyuán,sumber daya alam (seperti air atau mineral);sumber daya (seperti tenaga kerja atau pariwisata),natural resource (such as water or minerals);resource (such as manpower or tourism),CLEC 新版HSK考试大纲,https://hsk.cn-bj.ufileos.com/3.0/%E6%96%B0%E7%89%88HSK%E8%80%83%E8%AF%95%E5%A4%A7%E7%BA%B21219.pdf,2025-11,2026-08-11
hsk3-4-0987,自,zì,"(bentuk terikat) diri sendiri, diri sendiri;dari, sejak;secara alami, tentu saja","(bound form) self, oneself;from, since;naturally, as a matter of course",CLEC 新版HSK考试大纲,https://hsk.cn-bj.ufileos.com/3.0/%E6%96%B0%E7%89%88HSK%E8%80%83%E8%AF%95%E5%A4%A7%E7%BA%B21219.pdf,2025-11,2026-08-11
hsk3-4-0988,自信,zìxìn,percaya diri;kepercayaan diri,to have confidence in oneself;self-confidence,CLEC 新版HSK考试大纲,https://hsk.cn-bj.ufileos.com/3.0/%E6%96%B0%E7%89%88HSK%E8%80%83%E8%AF%95%E5%A4%A7%E7%BA%B21219.pdf,2025-11,2026-08-11
hsk3-4-0989,字母,zìmǔ,huruf (alfabet);个,letter (of the alphabet);个,CLEC 新版HSK考试大纲,https://hsk.cn-bj.ufileos.com/3.0/%E6%96%B0%E7%89%88HSK%E8%80%83%E8%AF%95%E5%A4%A7%E7%BA%B21219.pdf,2025-11,2026-08-11
hsk3-4-0990,综合,zōnghé,komprehensif;komposit;disintesis,comprehensive;composite;synthesized,CLEC 新版HSK考试大纲,https://hsk.cn-bj.ufileos.com/3.0/%E6%96%B0%E7%89%88HSK%E8%80%83%E8%AF%95%E5%A4%A7%E7%BA%B21219.pdf,2025-11,2026-08-11
hsk3-4-0991,总共,zǒnggòng,"total, dalam jumlah, seluruhnya","altogether, in sum, in all, in total",CLEC 新版HSK考试大纲,https://hsk.cn-bj.ufileos.com/3.0/%E6%96%B0%E7%89%88HSK%E8%80%83%E8%AF%95%E5%A4%A7%E7%BA%B21219.pdf,2025-11,2026-08-11
hsk3-4-0992,总理,zǒnglǐ,"perdana menteri;menteri utama;个,位,名","premier;prime minister;个,位,名",CLEC 新版HSK考试大纲,https://hsk.cn-bj.ufileos.com/3.0/%E6%96%B0%E7%89%88HSK%E8%80%83%E8%AF%95%E5%A4%A7%E7%BA%B21219.pdf,2025-11,2026-08-11
hsk3-4-0993,总统,zǒngtǒng,"presiden (negara);个,位,名届","president (of a country);个,位,名届",CLEC 新版HSK考试大纲,https://hsk.cn-bj.ufileos.com/3.0/%E6%96%B0%E7%89%88HSK%E8%80%83%E8%AF%95%E5%A4%A7%E7%BA%B21219.pdf,2025-11,2026-08-11
hsk3-4-0994,总之,zǒngzhī,singkatnya;pendeknya;singkat,in a word;in short;in brief,CLEC 新版HSK考试大纲,https://hsk.cn-bj.ufileos.com/3.0/%E6%96%B0%E7%89%88HSK%E8%80%83%E8%AF%95%E5%A4%A7%E7%BA%B21219.pdf,2025-11,2026-08-11
hsk3-4-0995,阻止,zǔzhǐ,mencegah;memblokir,to prevent;to block,CLEC 新版HSK考试大纲,https://hsk.cn-bj.ufileos.com/3.0/%E6%96%B0%E7%89%88HSK%E8%80%83%E8%AF%95%E5%A4%A7%E7%BA%B21219.pdf,2025-11,2026-08-11
hsk3-4-0996,嘴巴,zuǐba,mulut 张);tamparan di wajah,mouth 张);slap in the face,CLEC 新版HSK考试大纲,https://hsk.cn-bj.ufileos.com/3.0/%E6%96%B0%E7%89%88HSK%E8%80%83%E8%AF%95%E5%A4%A7%E7%BA%B21219.pdf,2025-11,2026-08-11
hsk3-4-0997,最初,zuìchū,pertama;utama;awal,first;primary;initial,CLEC 新版HSK考试大纲,https://hsk.cn-bj.ufileos.com/3.0/%E6%96%B0%E7%89%88HSK%E8%80%83%E8%AF%95%E5%A4%A7%E7%BA%B21219.pdf,2025-11,2026-08-11
hsk3-4-0998,作出,zuòchū,"mengeluarkan, menghasilkan, membuat (pilihan, keputusan, proposal, tanggapan, komentar, dll), mengeluarkan (izin, pernyataan, penjelasan, permintaan maaf","to put out;to come up with;to make (a choice, decision, proposal, response, comment etc)",CLEC 新版HSK考试大纲,https://hsk.cn-bj.ufileos.com/3.0/%E6%96%B0%E7%89%88HSK%E8%80%83%E8%AF%95%E5%A4%A7%E7%BA%B21219.pdf,2025-11,2026-08-11
hsk3-4-0999,作为,zuòwéi,tingkah laku seseorang;perbuatan;aktivitas,one's conduct;deed;activity,CLEC 新版HSK考试大纲,https://hsk.cn-bj.ufileos.com/3.0/%E6%96%B0%E7%89%88HSK%E8%80%83%E8%AF%95%E5%A4%A7%E7%BA%B21219.pdf,2025-11,2026-08-11
hsk3-4-1000,做梦,zuòmèng,"bermimpi, memiliki mimpi, (kiasan) berkhayal","to dream, to have a dream, (fig.) to indulge in wishful thinking",CLEC 新版HSK考试大纲,https://hsk.cn-bj.ufileos.com/3.0/%E6%96%B0%E7%89%88HSK%E8%80%83%E8%AF%95%E5%A4%A7%E7%BA%B21219.pdf,2025-11,2026-08-11
